id,title,duration,view_count,comment_count,like_count,upload_date,duration_string,aspect_ratio
dEOlvTqYUNo,#1 MOST INSANE MAGNET LIFE HACK EVER,308,26314951,17000.0,519157.0,20170324,5:08,1.78
r7f0L48dHpc,$1  = One Year of Clean Water,32,171005441,19000.0,4626567.0,20250802,32,0.56
uNu6XEPTy5g,$1 or Mystery Vial?,34,48807151,14000.0,1426176.0,20260407,34,0.56
iogcY_4xGjo,"$1 vs $1,000,000 Hotel Room!",940,444833369,116000.0,7674183.0,20221022,15:40,1.78
pAnGwRiQ4-4,"$1 vs $1,000,000,000 Futuristic Tech!",1383,148743254,89000.0,3111775.0,20260124,23:03,1.78
_AbFXuGDRTs,"$1 vs $1,000,000,000 Nuclear Bunker!",1037,174539164,38000.0,2985253.0,20250830,17:17,1.78
48h57PspBec,"$1 vs $1,000,000,000 Yacht!",887,552729315,167000.0,8441794.0,20230610,14:47,1.78
Wdjh81uH6FU,"$1 vs $10,000,000 Job!",939,318053504,62000.0,4920445.0,20231125,15:39,1.78
erQ_9yEz0ls,"$1 vs $100,000 Firework!",668,267786509,181000.0,5560133.0,20200703,11:08,1.78
KrLj6nc516A,"$1 vs $100,000,000 Car!",988,563288223,159000.0,8178210.0,20230916,16:28,1.78
3ryID_SwU5E,"$1 vs $100,000,000 House!",1022,427506818,136000.0,6504699.0,20231014,17:02,1.78
V6In4tmd-w8,"$1 vs $25,000 VFX",23,111183373,14000.0,2590847.0,20250619,23,0.56
jObOjhUkf50,"$1 vs $250,000 Vacation!",957,440230558,109000.0,6830585.0,20230812,15:57,1.78
krsBRQbOPQ4,"$1 vs $250,000,000 Private Island!",1019,395746624,103000.0,6011657.0,20240127,16:59,1.78
hTSaweR8qMI,"$1 vs $500,000 Date",1042,184620737,63000.0,3599441.0,20250607,17:22,1.78
Xj0Jtjg3lHQ,"$1 vs $500,000 Experiences!",1060,276085931,56000.0,5109256.0,20241102,17:40,1.78
1WEAJ-DFkHE,"$1 vs $500,000 Plane Ticket!",740,561877866,175000.0,9066648.0,20230401,12:20,1.78
tnTPaLOaHz8,"$10,000 Every Day You Survive In A Grocery Store",1292,525524635,89000.0,7577943.0,20231202,21:32,1.78
U_LlX4t0A9I,"$10,000 Every Day You Survive In The Wilderness",1570,382240757,342000.0,9015299.0,20240601,26:10,1.78
hD1YtmKXNb4,"$10,000 Every Day You Survive Prison",839,247909545,127000.0,5640761.0,20220409,13:59,1.78
gKVZz4kcuns,"$10,000 Games Of Rock Paper Scissors",772,18669373,24000.0,511673.0,20181104,12:52,1.78
NPYPXWJBTWM,"$10,000 Girl Scout Cookies",23,746694451,19000.0,14351128.0,20230311,23,0.56
7K-yxGWYsnk,"$10,000 Human Shuffleboard",39,612819854,6000.0,6879003.0,20250422,39,0.56
vT_gRRMjDi0,$100 GIVEAWAY PRANK (NO WEAPONS INVOLVED),290,74722,247.0,1933.0,20160403,4:50,1.78
c0v8OPItCOg,"$100,000,000 Bathroom",50,382263211,23000.0,12861941.0,20231017,50,0.56
IQxea9UB1nQ,"$100,000,000 Car Doors",28,1322807238,42000.0,30046572.0,20230919,28,0.56
xBLxMfO3pDw,$10000 Ice Sculpture Vs Flame,897,23957302,29000.0,503030.0,20180501,14:57,1.78
ZV7rU6lnAKQ,"$200,000 Youtuber Battle Royale",816,57133851,141000.0,1740656.0,20190312,13:36,1.78
0e3GPea1Tyg,"$456,000 Squid Game In Real Life!",1541,932731773,651000.0,20008717.0,20211124,25:41,1.78
X1jMMFOqxEw,"$50,000 Game Of Extreme Hide And Seek - Challenge",827,170398240,50000.0,3124788.0,20191128,13:47,1.78
LdMx2U5tby0,"$60,000 Extreme Hide And Seek - Challenge",1078,180090279,50000.0,2994185.0,20200117,17:58,1.78
_mdKvblL_8s,"$70,000 Extreme Hide And Seek - Challenge",1040,162631156,66000.0,2812300.0,20200313,17:20,1.78
MOGW3v3pJ5Y,1 Subscriber = 1 Penny Donated,18,648036834,32000.0,23578023.0,20250829,18,0.56
9UtcHPCEBgg,1 Subscriber = 1 Penny,17,437212369,33000.0,17802454.0,20241019,17,0.56
vpRW4JhzfSE,1 Subscriber = 1 Second In The Arctic,17,108374102,12000.0,2920146.0,20250808,17,0.56
TJ2ifmkGGus,"1,000 Blind People See For The First Time",481,216828528,378000.0,10381769.0,20230128,8:01,1.78
WTOm65IZneg,"1,000 Deaf People Hear For The First Time",373,218854061,153000.0,5539127.0,20230506,6:13,1.78
QjvpjXdgugA,"10 People Vs World's Deadliest Laser Maze for $250,000",1559,313158711,83000.0,4868439.0,20231028,25:59,1.78
7HBR3Ea72CY,10 Things You DIDN'T Know About Youtube!,181,82602,181.0,1742.0,20150208,3:01,1.78
NT3EkjxO8hs,"10,000 QNA With MUM",235,360011,1900.0,14827.0,20151029,3:55,1.78
tVWWp1PqDus,"100 Boys Vs 100 Girls For $500,000",1013,305416366,136000.0,5044851.0,20220723,16:53,1.78
snX5YyflrGw,"100 Identical Twins Fight For $250,000",2139,202312515,29000.0,3440712.0,20240928,35:39,1.78
0CTp1a-aCUM,"100 Kids Fight Parents For $500,000",922,341932094,93000.0,4934846.0,20221203,15:22,1.78
oBXSvS2QKxU,100 Kids Vs World's Strongest Man!,1640,178393649,53000.0,2891266.0,20251011,27:20,1.78
bqpKlkPpT10,100 LAYERS OF SARAN WRAP + TOILET PAPER!!,463,3375980,6700.0,139214.0,20160823,7:43,1.78
2isYuQZMbdU,100 People Fight For A Private Island,930,261781149,224000.0,7172504.0,20220804,15:30,1.78
3RmOvxilbPM,100 People Vs World’s Biggest Trap!,1842,120163806,84000.0,1988479.0,20251108,30:42,1.78
8bMh8azh3CY,100 Pilots Fight For A Private Jet,1725,149861008,74000.0,1949375.0,20251206,28:45,1.78
5J6-5g2alp8,"100,000 SUBSCRIBERS.EXE",265,1559309,7600.0,82174.0,20160708,4:25,1.78
NiqkH7qVW0U,100k Subs With No Videos????,256,501907,2700.0,9707.0,20150411,4:16,1.78
smDPnIdlkhM,100th VIDEO SPECIAL!,283,499534,1700.0,15114.0,20140120,4:43,1.78
WAcmsAISniQ,1080p FREE TO USE BLACK OPS 3 GAMEPLAY,142,90365,183.0,1965.0,20150819,2:22,1.78
bA20RJcegOI,1500,142,348005,1600.0,9545.0,20140808,2:22,1.78
xGJEPTCw9GU,18th Birthday QNA - Mom's Hair Dryer Age?,231,412734,871.0,15822.0,20160507,3:51,1.78
cRPldarzw-M,1k Subs,195,17642860,88000.0,1273844.0,20140413,3:15,1.78
gs8qfL9PNac,"2,000 People Fight For $5,000,000",1484,200786789,51000.0,4653543.0,20241219,24:44,1.78
oZ-Mn5p1xMw,"2,000 Subscribers",144,442927,3800.0,22591.0,20150418,2:24,1.78
Z4hVGCWH1Kc,"2,000,000 People Get Clean Water For The First Time!",620,114905972,46000.0,2423350.0,20250801,10:20,1.78
YR6Wh2Zy9jE,"2,256 Miles In One Uber Ride (World Record)",608,43957542,42000.0,1112240.0,20171028,10:08,1.78
Rio7r_vLUEo,20 Best Websites?????,404,221354,497.0,3811.0,20140829,6:44,1.78
984NGLLYDUg,"20,000 Magnets Vs A Car",723,34519011,23000.0,768222.0,20190114,12:03,1.78
pBH_QL4JGcI,"20,000",256,224702,865.0,6465.0,20160308,4:16,1.78
8nv_ltg4RAg,2015 Year Highlights,240,82590,553.0,2725.0,20151230,4:00,1.78
Q5lcjP6XlHw,203 Kill Game! Thanks For 300 Subscribers!,266,180887,1000.0,6402.0,20130801,4:26,1.78
Fzh65vCyHWQ,24 HOUR EXPLOSION GIVEAWAY! WIN GIFTCARDS,86401,857377,4500.0,35483.0,20160905,24:00:01,1.78
YyhKdOCwD7s,24 Hours In The Most Haunted Place On Earth,907,156708929,139000.0,3164346.0,20190530,15:07,1.78
QJI0an6irrA,"30 Celebrities Fight For $1,000,000!",2499,126935477,118000.0,2644332.0,20260107,41:39,1.78
OweuuinkVZI,3k HYPE,202,172093,686.0,4828.0,20150710,3:22,1.78
zsADECFHY8w,4k Subscriber's! First Channel Story!,314,121651,429.0,3341.0,20150730,5:14,1.78
lRznKN2oPUc,5 Popular Channels That Were Terminated,300,141072,1000.0,4540.0,20150707,5:00,1.78
qVLr6SMxvJw,5 Steps To Becoming Successful On Youtube!,192,98519,410.0,3817.0,20150814,3:12,1.78
kzIA4vKyhRQ,5 Steps To Becoming Successful On Youtube,192,215674,775.0,9140.0,20150402,3:12,1.78
purAsH7pXTQ,"5 Strangers Split $100,000",64,78883869,20000.0,2142110.0,20260313,1:04,0.56
x4IXCimma-s,5 Youtubers I Think Will Be Famous...,263,256072,935.0,6056.0,20140531,4:23,1.78
oODUkNQAzXU,5$ To Advertise Your Youtube Channel???,121,188142,277.0,3237.0,20150731,2:01,1.78
ep7S1XnuQLU,"5,000 Hype",184,174979,571.0,3663.0,20150811,3:04,1.78
DXVHmGoCTco,"50 Streamers Fight for $1,000,000",2971,108901917,170000.0,2587433.0,20260404,49:31,1.78
4SNThp0YiU4,"50 YouTubers Fight For $1,000,000",2487,468035434,350000.0,9742339.0,20240713,41:27,1.78
ocruJKe2tFk,"50,000 Subscribers.exe",210,613044,3500.0,23478.0,20160611,3:30,1.78
IaR7P4-wFK8,50k Video Views!!!! EpicSauce!,102,296882,837.0,9433.0,20130908,1:42,1.78
Cp431S5z8PE,6 Uses For Your Advanced Warfare Disk!,65,64549,438.0,2274.0,20150907,1:05,1.78
bn0Kh9c4Zv4,7 Days Exploring An Underground City,1235,181275421,35000.0,3780870.0,20241012,20:35,1.78
yhB3BgJyGl8,7 Days Stranded At Sea,1085,428481549,129000.0,8380695.0,20230805,18:05,1.78
ndAQfTzlVjc,7 Days Stranded In A Cave,1078,183071762,94000.0,4677656.0,20240817,17:58,1.78
GpQSUjNsNm0,7 Days Stranded in The Arctic,1935,65639482,81000.0,2051591.0,20260530,32:15,1.78
erLbbextvlY,7 Days Stranded On An Island,1346,495617328,152000.0,7707148.0,20240330,22:26,1.78
4krBgDFycgY,7k SUBS! Smashing Ghost + AW! Plus Channel Talk!,298,100663,377.0,3314.0,20150909,4:58,1.78
LTr8cXAxy1I,9k Subs - Channel Talk,275,134087,894.0,4310.0,20151010,4:35,1.78
rXnaD7PU9kY,"Ad Blocker For Chrome and Mobile, Should You Use It?",314,94278,496.0,3280.0,20150923,5:14,1.78
8-0ZHJHp9g4,Advanced Warfare DLC 4 Honest Parody,157,64555,421.0,1741.0,20150729,2:37,1.78
l-nMKJ5J3Uc,"Ages 1 - 100 Decide Who Wins $250,000",2402,323863484,218000.0,6313956.0,20240420,40:02,1.78
FM7Z-Xq8Drc,"Ages 1 - 100 Fight For $500,000",1535,465833768,119000.0,6740650.0,20230527,25:35,1.78
9WEQts7b8Pw,"Ages 1 - 100 Race For $250,000!",1411,119404760,86000.0,1717858.0,20260207,23:31,1.78
oA4LSZvX4iE,Ages 1-100 Try My Chocolate,39,286463497,36000.0,10011024.0,20240509,39,0.56
j7kM8G_AjuY,Airplane Pilots Last Words Before Death,149,162759,237.0,2869.0,20150828,2:29,1.78
ZqzFRGH_tMQ,Always Changing My Name? Mr.Beast or MrBeast6000,161,198009,536.0,4580.0,20150803,2:41,1.78
gYaxI_allkQ,Am I Ian From Smosh????,137,1250069,716.0,14839.0,20150802,2:17,1.78
pl4xmh3RWfE,Amazing minecraft Cathedral!,58,474424,1300.0,15031.0,20130421,58,1.78
50G0kIty7Cg,"Answer The Call, Win $10,000",38,1110589257,31000.0,11064592.0,20250916,38,0.56
gtkqnhN0VkU,"Answer The Door, Win $10,000",31,108386102,66000.0,2946265.0,20251014,31,0.56
npDey6_9YRs,"Anything You Can Carry, I'll Pay For #2",838,93202109,34000.0,1761324.0,20190906,13:58,1.78
tYHTVjfShOA,"Anything You Can Carry, I'll Pay For Challenge",909,94824674,90000.0,1796203.0,20190420,15:09,1.78
yXWw0_UfSFg,Anything You Can Fit In The Circle I’ll Pay For,1182,338661395,113000.0,5333558.0,20200307,19:42,1.78
E6E22XQPhhg,Anything You Can Fit In The Triangle I’ll Pay For,967,271261018,82000.0,3678404.0,20210601,16:07,1.78
imhY0pe-Sd8,"Anything You Touch, You Keep!",47,314295881,17000.0,11020294.0,20240402,47,0.56
vBEGODNmdas,Are Minecraft Faction Has A New Pet! (poopymiscquidlepants),15,119724,342.0,3125.0,20131031,15,1.91
D1livXdFGkQ,Are Youtubers Millionaires?,195,218393,442.0,3630.0,20150222,3:15,1.78
feu5PQvoCiA,Asking My Fiancée on a Date,8,13843991,11000.0,383826.0,20260503,8,0.56
b91vrgVY-ZQ,"Attempting The Impossible Maze - $10,000 Challenge",1186,57159528,32000.0,1006031.0,20180815,19:46,1.78
4yx9ZJDfyKk,Baseball Tic Tac Toe vs MLB Pro,26,71766670,7500.0,1593866.0,20250327,26,0.56
7isfkomGg7o,Battle Of The Beast Round 1 Winners!,553,64556,263.0,1610.0,20150623,9:13,1.78
hyt2t4r8lQ4,Battle Of The Beast Tournament UPDATE!,152,64609,704.0,2045.0,20150618,2:32,1.78
STvOHHgJ1sQ,Battle Of The Beasts (youtubers needed),182,64550,375.0,1583.0,20150617,3:02,1.78
GhppzOzN3MM,Battle of The Beasts Bracket!!!! (Not accepting anymore),98,64599,356.0,1619.0,20150620,1:38,1.78
jGE1sUTeR5g,Battle of The Beasts Round 2 Winners!,847,64561,350.0,1563.0,20150701,14:07,1.78
jlpAON0ePME,Battle pirates Hellstrike fail!,46,83639,361.0,2152.0,20131218,46,1.78
v3tbnlc5cfo,Battle Pirates!,215,124383,776.0,4204.0,20130921,3:35,1.78
Ms9MGkEm4mg,"Battle Pirates, All Sentinel Base.",71,89102,354.0,2289.0,20131205,1:11,1.78
xvIpibLjs5k,"Battle Pirates, Another Hellstrike Fail.",57,83860,376.0,2147.0,20131218,57,1.78
7mLSbgyjM0g,"Battle Pirates, Hellstrike Base attack.",172,83738,332.0,2074.0,20131229,2:52,1.78
RaDRWNz3Al4,"Battle Pirates, Hellstrike Too Overpowered????",160,83181,331.0,2194.0,20131214,2:40,2.0
5U2fmvh9_Is,"Battle Pirates, Hellstrike vs Epic Base!",58,83951,381.0,2099.0,20131224,58,1.78
A4lp4FRCo6o,"Battle pirates, How To Auto Lvl 40 Salvages.",78,70754,458.0,2149.0,20131229,1:18,1.78
90wWStXJX5c,"Battle pirates, Lvl 58 Mercury Base Attack!",75,125962,368.0,2663.0,20131205,1:15,1.78
sfp0a6zDoNQ,"Battle Pirates, lvl 66 vs Missile Cruiser x Fleet!",84,85194,311.0,2124.0,20131217,1:24,1.78
hHl_YMivv3c,"Battle Pirates, my base.",175,96019,343.0,2122.0,20131231,2:55,1.78
ruSVy-u2DzM,"Battle Pirates, Stingray vs Mercury Epic Battle!",66,87676,511.0,2569.0,20131205,1:06,1.78
TGKkMl17Htg,"Battle Pirates, Unstoppable Ship!",133,67252,752.0,2416.0,20131229,2:13,1.78
RMoFUeBVefA,Beast $500ish Youtube PC Great For Making Videos!,243,94761,194.0,1664.0,20150812,4:03,1.78
6Xv-LVYZQxk,Beast Gaming Set Up #almost4k,151,98505,418.0,2618.0,20150729,2:31,1.78
EhZ9gHZOZT8,Beast Goes Camping (Didn't Go Wrong) (Didn't Go Sexual),285,234324,382.0,5545.0,20160220,4:45,1.78
DZIASl9q90s,"Beat Neymar, Win $500,000",1673,159561934,80000.0,3539603.0,20250524,27:53,1.78
0BjlBnfHcHM,"Beat Ronaldo, Win $1,000,000",1365,370728739,121000.0,8392985.0,20241130,22:45,1.78
CnMv_zTXZ38,Best FNAF 4 Fake Reactions! So Funny lol,147,98044,370.0,2811.0,20150725,2:27,1.78
YY2-jJojnOA,Best Green Screen Lighting Ever? (Joking Obviously),204,723415,812.0,15723.0,20151003,3:24,1.78
Qw3eFnsSdlQ,Best Hellstrike Build???? (Battle Pirates),96,67126,556.0,2109.0,20131229,1:36,1.78
XW1TsAVdXsw,BEST INTROS ON YOUTUBE #1,184,28582302,27000.0,810886.0,20160601,3:04,1.78
0dg2eR2NSQ0,Best League Player In The Universe.,180,332746,941.0,17092.0,20141123,3:00,1.78
g4DAFnZcCcQ,Best Microphone For Youtube (Gaming Commentaries Vocals Singing Podcast),216,64564,367.0,2107.0,20151011,3:36,1.78
clcN3OA8SNw,Best Minecraft Castle Ever?,222,446669,2400.0,20396.0,20130127,3:42,1.78
NFZ_MtTvwm0,Best Non-Copyrighted Songs For Videos! (Intros Vlogs Gaming Trailers) 2016,179,97306,284.0,2752.0,20151005,2:59,1.78
KLAI0c0Spog,Best Of FlipArtz - His Best Advanced Supply Drops EVER!,639,140238,127.0,1519.0,20150529,10:39,1.78
is1LSWbssuA,Best Thing To Happen To This Channel?????,87,64560,334.0,1980.0,20150723,1:27,1.78
dJCsc_Cq9i4,BEST WALMART TOILET PAPER FORT,256,1482783,2900.0,50691.0,20160824,4:16,1.78
E3CqKvlzl-I,Big Changes??? Idk just watch the stupid video,393,64565,413.0,1853.0,20150518,6:33,1.78
lfD7kMZKuNg,Big Channel's Starting Over???,198,64583,321.0,1709.0,20150805,3:18,1.78
C82suucz4i4,Black ops 2 Gameplay w/ commentary. Hipsters,260,390917,931.0,12576.0,20130703,4:20,1.78
RRknlgRqOds,Black ops 2 Invisible equipment and scorestreak glitch!,146,196880,637.0,5851.0,20130721,2:26,1.78
q2HoSwCMcZw,Black ops 2 Patch news!,232,160788,852.0,5327.0,20130724,3:52,1.78
pHKlrJeKmjA,Black ops 2 Shotgun gameplay w/ commentary....  Ps4 or Xbox?,362,277551,842.0,7006.0,20130706,6:02,1.78
rffyxTTNkyk,Black Ops 2! Mini Update Video.,234,113225,882.0,4336.0,20130805,3:54,1.78
kqUT-s3a6tU,"Black Ops 3 First Impressions, My First Game",220,64593,436.0,1817.0,20150819,3:40,1.78
RPcXg2-0ejw,Bleach Bottle Flips (COP CALLED),283,1250648,3000.0,55311.0,20161009,4:43,1.78
yhNcDBnQsEY,BLOWING UP $1000 KEYBOARD *RIP WALLET*,299,3890863,4800.0,225182.0,20161111,4:59,1.78
TLoDwqQF5ug,BLOWING UP MY TABLET,151,187174,1200.0,7683.0,20160701,2:31,1.78
T-v4b3WtPAg,BO3,220,1575275,2700.0,38448.0,20150818,3:40,1.78
f0cXJ6mJxGc,Bottle Head Smashing World Record Attempt!,38,549574187,52000.0,12918390.0,20240514,38,0.56
Z8nEEdXTaX0,Boxy item mod Minecraft.  EPIC,90,1735580,4600.0,60275.0,20130112,1:30,1.78
XKFKPQHdWRI,Breaking Glass Using Only Megaphones,534,54424443,74000.0,1401137.0,20180317,8:54,1.78
Er6QUQZbv0w,Breaking The Law,235,32247143,33000.0,831537.0,20170709,3:55,1.78
Z9NxQdQ8Rpg,"Bring Me A Glass Of Water = Win $10,000",40,38518810,14000.0,1051213.0,20260326,40,0.56
DBPYB8WkkDc,Bring Me Back Snow From The North Pole,54,762965687,17000.0,19269923.0,20241210,54,0.56
mY77HA20MzA,Bronze And Platinum Play Buttons?????,262,1732529,2700.0,33406.0,20150913,4:22,1.78
2bwPntvb90U,Buried Round 50 Gameplay! Black ops 2 Zombies.,82,159990,477.0,4779.0,20130812,1:22,1.78
AjwAdtlRKf8,"Buy Feastables, Win $10,000",40,474559455,37000.0,16482398.0,20240217,40,0.56
snUyLbGx6U4,"Buy Feastables, Win Unlimited Money",51,522108007,37000.0,13968543.0,20240430,51,0.56
sE3ZZmYotSs,Call of Duty Ghost Multiplier Reveal Trailer Release Date!,230,137682,620.0,4392.0,20130730,3:50,1.78
oiZvK6MY7tI,"Call Your Ex, Win $10,000",34,143241680,12000.0,3374945.0,20251007,34,0.56
mVkT6Cd9SoI,Camping Montage.... LOL,199,116580,552.0,3746.0,20130805,3:19,1.78
WRzIuC2MKOU,"Can 1,000 Fans At Max Speed Push A Car?",712,28834416,36000.0,619192.0,20180717,11:52,1.78
d7QmQtNwhcU,"Can 1,000 Rolls Of Duct Tape Stop A Car??",622,27015893,24000.0,544880.0,20180430,10:22,1.78
ln9aLVd__8w,"Can 100,000 Pieces Of Paper Stop A Bullet?",70,26034849,55000.0,480519.0,20171206,1:10,1.78
ws694xrKopA,"Can 50,000 Magnets Catch A Cannon Ball?",568,136300146,46000.0,2219226.0,20190720,9:28,1.78
q0OK-zHnvnA,Can A Glowing 1000 Degree Sword Slice A Car In Half?,597,70075394,37000.0,1137243.0,20180906,9:57,1.78
6W_841xoprg,Can a Window Stop a Wrecking Ball?,30,86835063,11000.0,1799041.0,20260414,30,0.56
WROMyJAJmp4,Can I Beat An F1 Driver?,11,358864793,12000.0,2989658.0,20251118,11,0.56
jdMNoQE3mIQ,Can I Survive A Plane Crash?,494,233644855,74000.0,4280968.0,20220820,8:14,1.78
KCRLP-zBacU,Can I Teach a Penguin To Subscribe?,9,891640851,21000.0,8522445.0,20250531,9,0.56
hRBpDdWbUpI,Can My Fiancée Lift Me?,17,16711351,8300.0,367328.0,20260427,17,0.56
PryTbmudhS8,Can We Stop World's Best Tennis Player,23,115654645,12000.0,1678848.0,20251031,23,0.56
mKIhHNznt4s,Can You Beat A Girl In Arm Wrestling?,51,595506859,40000.0,21354641.0,20230817,51,0.56
bWDmDsdvoBs,Career Ender ....  LOL,26,168095,543.0,4491.0,20130728,26,1.78
lMLEcUXz6T8,Cereal Commentary,339,185490,639.0,5797.0,20160428,5:39,1.78
X-g9aT2wFjM,Channel Trailer....,48,300923,930.0,10473.0,20130706,48,1.78
-hrPQFaDVKQ,Channel Update.,162,207577,445.0,4995.0,20130816,2:42,1.78
qr4v9pdfVlU,Cheat Channels,214,64575,400.0,1796.0,20150424,3:34,1.78
figrl0aOULs,Click This Video To Feed 1 Person,629,77451706,73000.0,4259642.0,20250412,10:29,1.78
EMVvA5Cr0fY,COD IS NOT DEAD,201,88506,313.0,2407.0,20140508,3:21,1.78
pV7UcYW1OwA,Computer vs Console My Perspective.,205,121066,358.0,2517.0,20140602,3:25,1.78
HcL1EQ5qD_g,Confronting Ronaldo,20,285074320,35000.0,13484337.0,20241129,20,0.56
rWBOITBjitE,Could You Walk Up A Skyscraper?,49,507235474,31000.0,15810900.0,20231205,49,0.56
kPa_S6jN9ls,Could You Win This Obstacle Course?,34,115580172,10000.0,2009549.0,20250325,34,0.56
9Ax56oRhcZc,Counting To 10000 In One Sitting,12580,68460822,56000.0,709785.0,20160201,3:29:40,1.78
9CVwXBYVqVk,"Counting To 200,000 (Road To A Mil)",84877,4139684,19000.0,156261.0,20170218,23:34:37,1.33
Yox25V8Qsm4,Crazy Illulsions In Minecraft. (Bigre),155,753428,2700.0,25875.0,20130127,2:35,1.93
U_07AG_CR5A,Crazy Nub Tub Reactions! Bo2 Fun!,220,64567,425.0,1884.0,20140613,3:40,1.78
__SaaKSW9iE,Cut Coms vs Uncut Coms,159,64584,347.0,1604.0,20150509,2:39,1.78
tqO3_AKC5Ks,CUTTING TABLE IN HALF WITH PLASTIC KNIVES,237,3787326,6800.0,165979.0,20160604,3:57,1.78
fG1N5kzeAhM,Dear Future Me (Scheduled Uploaded 6 Months Ago),145,2558138,12000.0,138875.0,20160404,2:25,1.78
hD_Af6W2qug,Dear Razer Can I Have My 70$ Back?????,178,7619008,24000.0,347714.0,20151129,2:58,1.78
VqnQ-0q2gb4,Destroyed Friend's House And Bought Him A New One,877,43983783,67000.0,1128099.0,20181124,14:37,1.78
nd-bwvNB7YA,Destroying My Friend's Car And Surprising Him With A New One - Slime,970,122466838,66000.0,2498074.0,20180828,16:10,1.78
Izmibu7dxcs,Destroying My Friend's Car And Surprising Him With A New One,911,39355127,35000.0,626407.0,20180413,15:11,1.78
UEwnitHoSDw,DIY $23.00 Mini Sound Booth? Does It Work?,228,165668,210.0,2911.0,20150509,3:48,1.78
Om4c4ilT_6g,Do Dislikes Matter On Youtube - Are Dislikes Bad Or Good?,263,389042,2000.0,23715.0,20160107,4:23,1.78
lglIQkCHO0g,Do Men Lie About Their Height?,47,609398020,30000.0,22112293.0,20230214,47,0.56
ooAwCOP67GQ,Do Pawnshops Scam You?,32,464108933,26000.0,16854732.0,20230603,32,0.56
h-D6ukDcS9o,Do Tags Do Anything On Youtube?????,217,184335,644.0,6388.0,20150913,3:37,1.78
wbzD04leeLI,Do Water Repellent Shoes Actually Work?,697,132780667,63000.0,2001189.0,20180622,11:37,1.78
J1lhxfZtR3M,Do You Think You Will Be Famous?????,224,164691,647.0,3380.0,20150706,3:44,1.78
cqirhwhq_qM,Do Youtubers Pay Taxes????? (USA),388,121110,422.0,4630.0,20151219,6:28,1.78
ZxkLCq49Tvk,Does Spam Work?????,254,520104,776.0,7758.0,20140120,4:14,1.78
NUVglXbGBfs,Dogs Opinions On Youtubers Getting BO3 Early,76,115249,183.0,3242.0,20150818,1:16,1.78
xlzpD4GeBW0,Doing Youtube For Fun Or Views?,224,64548,313.0,2694.0,20160323,3:44,1.78
szt8xabJoSo,"Donating $10,000 To Fortnite Streamers If They Win",871,11393485,15000.0,273331.0,20180303,14:31,1.78
kupaqq-xJ_8,"Donating $10,000 To Random Twitch Streamers",882,10885247,17000.0,226337.0,20170815,14:42,1.78
52ubXjlVzUY,"Donating $100,000 To A Random Fortnite Streamer",1376,53748897,50000.0,1112986.0,20180805,22:56,1.78
al6130OD1Ck,"Donating $100,000 To Random Streamers",885,67673063,42000.0,1919201.0,20190928,14:45,1.78
9yrdFAJUSaU,"Donating $100,000 To Shroud In Real Life",854,32397067,19000.0,872928.0,20190404,14:14,1.78
Y6jC6VaO3j0,"Donating $100,000 To Streamers With 0 Viewers",877,113883843,77000.0,3619590.0,20190324,14:37,1.78
QapO3maXd9k,Donating $10000 To Pewdiepie,915,47435831,48000.0,1723716.0,20181216,15:15,1.78
nRkwuTOESCc,Donating Big Donations To Twitch Streamers!!!,1118,27803259,36000.0,580181.0,20180111,18:38,1.78
VIJLIo5yT1I,Don’t Eat The Spicy Yoshi Egg,56,140863932,13000.0,2383174.0,20260410,56,0.56
zxuICI0kL3s,"Don’t Turn Around, Win $10k",31,503291609,13000.0,8295292.0,20250731,31,0.56
KaaEivIqX6M,Double Agent (Short Film),468,186397,492.0,6487.0,20151101,7:48,1.78
Tbn4cYCaZCk,"Drift This Car, Win $10,000",19,560125380,11000.0,7036324.0,20250416,19,0.56
gchqnwXlxJw,Drinks in minecraft (mod),42,625981,2000.0,,20130126,42,1.78
rS2sntC-lJI,Dude Perfect 3.0 - We Are Better,193,742883,1800.0,21478.0,20160404,3:13,1.78
MgRMNzKknto,Dude Perfect 4.0 - We Are Totally Better,213,441212,1700.0,13089.0,20160606,3:33,1.78
7zi0bi-RDj4,"Eating A $10,000 Golden Steak (24k Gold)",990,165192869,89000.0,2452646.0,20190111,16:30,1.78
atCPtw4dg7g,Emerald tool mod! (minecraft),49,607638,2500.0,26446.0,20130123,49,1.78
dPxAFqs2eYE,"Epic Ghost Multiplayer EasterEggs! (PrisonBreak, Sovereign, and Flooded)",99,127867,349.0,3495.0,20131117,1:39,1.78
jysfHFHNjYQ,Epic minecraft apartment complex!,53,616962,2400.0,24037.0,20130127,53,1.78
uUIlb2rpIuY,Epic Minecraft city! (w/ download link!),153,416417,1100.0,12002.0,20130411,2:33,1.78
wTIPpjUgAFE,Epic New Gaming And Youtube Setup 2016,291,428467,918.0,15239.0,20160930,4:51,1.78
KcsRxHwGz7A,Every Challenge I've Ever Done,85686,962819,4500.0,29946.0,20170623,23:48:06,1.78
J_z-W4UVHkw,"Every Country On Earth Fights For $250,000!",1093,269234018,380000.0,6543499.0,20230819,18:13,1.78
GfgcVOuHLAo,Every FaZe Video Ever #karnageRC,197,64565,283.0,1889.0,20150604,3:17,1.78
yCKe65Nvp0Q,Every Minecraft Let's Play Ever In Under A Minute,60,131119,297.0,3850.0,20150716,1:00,1.78
sF5LYGgKbUA,Every Minute One Person Is Eliminated,2086,171540024,77000.0,3214073.0,20250125,34:46,1.78
hjkbqeWQAM8,"Every Step You Take, Win $1,000",42,120537546,9100.0,1630015.0,20260218,42,0.56
R_BmT1OJw98,Every YouTube Play Button I Have,14,402897641,25000.0,4640286.0,20250815,14,0.56
SllXaJiQjBA,Every Youtube Play Button,18,193685018,28000.0,1674539.0,20260519,18,0.56
uxzBq4Y_fNw,Exams Be Like,234,568090,1200.0,15746.0,20151210,3:54,1.78
R6zuvKbvKyU,Exility And Some Other Stuff - Update Vid,285,64547,3300.0,11488.0,20150718,4:45,1.78
dpUxRIqbNlc,Exility vs Dr.Pineapplez - Misleading Contest!,258,64560,912.0,4656.0,20150908,4:18,1.78
00NgUctWoLQ,"Extreme $1,000,000 Hide And Seek",729,110925427,116000.0,3649521.0,20211218,12:09,1.78
WcwGleN38zE,"Extreme $100,000 Game of Tag!",998,272660643,116000.0,4021373.0,20210417,16:38,1.78
uocETPj4Jx4,"Extreme $500,000 Game Of Tag!",753,234688941,97000.0,4800987.0,20210904,12:33,1.78
M1STzb7k9L8,Extreme Helmet Game,23,257690270,5500.0,2514254.0,20250425,23,0.56
zgLhCT7aFCA,Extreme Home Makeover!,57,439173990,49000.0,20346530.0,20230912,57,0.56
KOEfDvr4DcQ,"Face Your Biggest Fear To Win $800,000",1323,385323259,228000.0,6790940.0,20240210,22:03,1.78
_f6xCA0-gAo,Fanboy Opinions On Black Ops 3,236,64585,338.0,1515.0,20150806,3:56,1.78
PRU47AuQF2M,"FaZe Adapt ""Stuttertage""",284,142148,458.0,4251.0,20150720,4:44,1.78
X9UiBpDHW3w,FaZe Clan Vs Pewdiepie Who Would Win?????,170,77061,171.0,1304.0,20150721,2:50,1.78
YJiqYG-Mylk,FaZe Members Reaction's To Joining Faze,191,642629,726.0,14236.0,20150701,3:11,1.78
ZGvn9ywXjpY,Feastables vs Reese’s Taste Test with @gordonramsay,33,514849738,25000.0,8173360.0,20250610,33,0.56
SGzWIoLAzmY,"Feeding A Cat $10 Vs $10,000 Sushi",30,421388400,33000.0,14289659.0,20230831,30,0.56
ZVt9ZJfWV1c,"Feeding A Dog $1 vs $10,000 Steak",26,616846922,31000.0,15979067.0,20231214,26,0.56
8D3vI1615K4,Fidget Spinner Vs Face (Legit Had To Get Stitches),426,44862452,88000.0,1673411.0,20170502,7:06,1.78
PuQ5UxKUY48,"Find The Human, Win $10,000",41,392457749,9700.0,7929266.0,20250224,41,0.56
RB71Z-vVvCc,"Find The Real Celebrity, Win $10,000",33,231045718,15000.0,4346802.0,20251219,33,0.56
Kt2HvqRruHQ,"Find The Real MrBeast, Win $10,000",37,398865146,13000.0,11077750.0,20241005,37,0.56
lQz5aqjZ3lQ,"Find This Briefcase, Win $10,000",67,269063550,19000.0,6429390.0,20250725,1:07,0.56
TN1wErFGTzM,"Find This Key, Win $10,000",38,60857522,8500.0,1797952.0,20250505,38,0.56
L5ihmu87xTE,"Find This Stranger, Win $10,000",60,793546688,16000.0,18018433.0,20250219,1:00,0.56
69g-YcbmgQA,"Find Your Dog, Win $10,000",35,614040861,12000.0,13088300.0,20250323,35,0.56
JgJrQnDIRgg,"First to Answer the Phone, Wins $10,000",45,125483458,10000.0,2453688.0,20251017,45,0.56
cExLQ1o2pDw,"First To Rob Bank Wins $100,000",482,216049108,117000.0,4576499.0,20210926,8:02,1.78
VWa0ImMY2bQ,Five Facts You Didn't Know About Youtube.,260,116197,254.0,2272.0,20141201,4:20,1.78
GdD2pqAdjXY,"Flappy Bird - Builders Showdown, Which is Better?",84,130112,453.0,3396.0,20140223,1:24,1.78
RywkkwO78m8,Flat Earth PROVEN By Independent Research,712,29042038,133000.0,793887.0,20180922,11:52,1.78
uZY9xr-QAk0,"Flip a Coin, I’ll Pay For Your College",33,335217505,28000.0,5771535.0,20251128,33,0.56
_sBRk9ADpK8,"Flip a Coin, Win $30,000",46,1137699864,39000.0,8737951.0,20260127,46,0.56
QkXDatNdL4U,Free To Use Advanced Warfare Gameplay! 2015,125,64578,396.0,1754.0,20150619,2:05,1.78
2Om2M4_Kyd0,FREE TO USE BO3 GAMEPLAY - 1080p,164,64555,263.0,1971.0,20151103,2:44,1.78
Xe0AGtF5aNU,Fun In COD. - Insane Reactions Lol,228,64597,469.0,1952.0,20140610,3:48,1.78
bIZ5_L1ru2w,Funny Noob Tubing Reaction Montage!,149,146049,457.0,3950.0,20130816,2:29,1.78
l9_8_pDTmis,"Furthest Away From Me Wins $10,000",47,732278281,41000.0,22340011.0,20231102,47,0.56
EAwXH82m-6A,G2g Brb,179,64562,467.0,1977.0,20140616,2:59,1.78
AXjdI_LHWJU,GAMBLING MONEY WITH SCRATCH OFF TICKETS,476,3106553,3300.0,59731.0,20160826,7:56,1.78
oI6aXhowFDY,"Get Every Boy Scout Badge, Win $10,000",817,131511132,45000.0,2314464.0,20200125,13:37,1.78
oD155zWANQg,"Get This Random Person 1,000,000 Subscribers",844,87877673,119000.0,2644916.0,20200905,14:04,1.78
2nd73lyvq4w,Giant Monopoly Game With Real Money,895,139353374,68000.0,2495996.0,20190215,14:55,1.78
oBYbxw8f5OI,"Giving $1,000,000 Of Food To People In Need",748,69790996,64000.0,1951956.0,20200327,12:28,1.78
xhIYirjB4Yc,"Giving $10,000 To Random People And Saying Nothing",959,83891620,49000.0,1855520.0,20190430,15:59,1.78
rPXmbM2UEbU,"Giving $100,000 To A Homeless Person",883,31594866,69000.0,1021611.0,20181223,14:43,1.78
Z9WQy9jEY8M,"Giving 10,000 Presents To Kids For Christmas",828,83182170,170000.0,3160390.0,20191223,13:48,1.78
i-9V21MqlhY,Giving 1000 Phones Away,18,393430438,828000.0,23252203.0,20240528,18,0.56
Pe3pGsCeYXg,"Giving 3,000,000 Pennies To My 3,000,000th Subscriber",610,8879927,21000.0,235209.0,20180222,10:10,1.78
N_GMakKf7G4,"Giving A Random Homeless Man $10,000",601,11410515,33000.0,565169.0,20170615,10:01,1.78
IJkB-oapuks,"Giving Away $1,000,000 in Gifts To My Subscribers",19,1220621840,194000.0,8499875.0,20251221,19,0.56
dfcPUqiivDY,GIVING AWAY $100 ITUNES GIFT CARDS,130,170563,490.0,4779.0,20160401,2:10,1.78
QJUs6CSRCFU,Giving Away Two $15 Gift Cards (forgive me boyz),191,64558,590.0,3228.0,20160110,3:11,1.78
aZnqqXaT02g,Giving Car Keys Instead Of Candy On Halloween,31,424169104,15000.0,11000086.0,20231109,31,0.56
4KVmSG6KS2k,"Giving Homeless People $1,000 (Not Clickbait)",526,6681513,18000.0,229193.0,20170628,8:46,1.78
YlvcFJOE-OE,Giving iPhones Instead Of Candy on Halloween,40,1800725160,152000.0,41929570.0,20221102,40,0.56
ZPuEUe_8SRM,"Giving My 10,000,000th Subscriber 10,000,000 ___",1099,29917119,32000.0,813819.0,20181113,18:19,1.78
WZ2rYlVxt4g,"Giving My 4,000,000th Subscriber 4,000,000 Cookies",641,13421883,24000.0,341336.0,20180402,10:41,1.78
93s1JECSy60,"Giving My Mom $100,000 (Proudest Day Of My Life)",667,32594305,44000.0,1548167.0,20171202,11:07,1.78
R7MkZL5i3FQ,Giving Trick-or-Treaters Weirder and Weirder Gifts,27,233594171,14000.0,2153672.0,20251107,27,0.56
LU_xVr4b2qM,"Going Around A Ferris Wheel 1,000 Times Straight",776,135404317,49000.0,2637892.0,20191116,12:56,1.78
QxGVgXf_LNk,"Going Through The Same Drive Thru 1,000 Times",938,318701967,132000.0,5269076.0,20191005,15:38,1.78
sx5k8xd_VoU,Going To The Connor McGregor fight!,341,6140180,11000.0,229332.0,20170828,5:41,1.78
PCakYf_PnT0,Goodbye Laptop,136,175972,617.0,7066.0,20160101,2:16,1.78
7anhkLPRk-A,Google+ The Death Of Youtube?????,163,161284,428.0,3642.0,20131113,2:43,1.78
FD-0KG-h2-c,Gordon Ramsay Tries Most Expensive Chocolate Bar!,40,869508463,55000.0,31041701.0,20221119,40,0.56
7qY-qalCI2Y,"Grab The Rolex, Keep It!",22,248015099,10000.0,3488059.0,20250521,22,0.56
igVcy5dtN80,Grilling A Microwave Microwaving A Microwave Microwaving A Toaster Toasting An Iphone Watching Micro,188,2168235,4900.0,72656.0,20170330,3:08,1.78
mktYW177p6U,Guess the Animal,53,475242741,19000.0,5952189.0,20260106,53,0.56
AZlBZuS4hr0,"Guess The Gift, Keep It",44,1027805079,23000.0,26356076.0,20231003,44,0.56
gar4U3n-ILY,Guess What Age Punched You,37,331532668,31000.0,4693230.0,20260209,37,0.56
qXW93Cois2s,Guess What Hit You,32,99737109,6800.0,1596052.0,20250805,32,0.56
9Y2sAtN5yRs,Gunpowder plus mod! (Grenade mod) Epic explosions for minecraft.,157,243461,863.0,8467.0,20130421,2:37,1.78
2ljWxaMvE_0,Hacker in Ghost???? I Couldn't Kill Him.,35,64559,424.0,1833.0,20140622,35,1.78
jP82d277Cc8,Harry Potter Mod In Minecraft! EPIC MUST SEE MOD!!!,238,6695185,10000.0,,20120309,3:58,1.93
3nn_skHgkqI,Has Youtube Met Its Match?????,164,123531,296.0,2484.0,20140112,2:44,1.78
CuzdxsOXEZ8,Hearthstone - All Beards Challenge!,1432,90678,268.0,1804.0,20140424,23:52,1.78
WYKZz3Zygdc,Hellstrikes vs 7 halos!,95,100048,420.0,2170.0,20131227,1:35,1.78
F0OkwXKcPSE,Hi Me In 10 Years,194,61895120,114000.0,3694566.0,20251004,3:14,1.78
AKJfakEsgy0,Hi Me In 5 Years,127,148531849,263000.0,7357754.0,20201004,2:07,1.78
jhYG5BStQSk,Hi Me In A Year (Scheduled Uploaded A Year Ago),118,1836824,4800.0,57788.0,20161004,1:58,1.78
5qzAVMe_SnM,Hi Me In Two Years (Made Two Years Ago),110,13819177,38000.0,599394.0,20171004,1:50,1.78
QqdUhn99E-s,High School Education Be Like (Paying Taxes),165,68854,240.0,2166.0,20151014,2:45,1.78
PXevNM0awlI,"Highest Away From Me Wins $10,000",49,666802806,13000.0,12545515.0,20250228,49,0.56
tZpnfF0-7Ls,Highest Paid Musicians????,288,161767,315.0,2343.0,20150217,4:48,1.78
2-ErX5oDzwM,History Of COD Part 2! Black Ops 1 - History Of COD On Youtube!,648,64566,185.0,1365.0,20150613,10:48,1.78
QAkEMtJpq3c,"Hit The Button, Win $1,000",21,499477073,73000.0,2866988.0,20260515,21,0.56
SE9xF1l3ZwE,"Hit The Target, Keep The Prize",26,57525946,10000.0,1257157.0,20251205,26,0.56
NZlClr_ivb4,"Hit The Target, Win $300,000",796,224024307,80000.0,3775916.0,20210612,13:16,1.78
8krJy31Diow,Holding Bigger And Bigger Dogs,16,356578763,11000.0,8277735.0,20240916,16,0.56
JTQcIR2ZxU4,Homeless Man Buys A Lamborghini,860,205995460,81000.0,4390076.0,20190418,14:20,1.78
M94G0iKYiSM,HONEST Shout Out Sunday! Free Subscribers!,209,64566,536.0,1942.0,20150830,3:29,1.78
-z349CGAOXs,Horse racing map for new update! (minecraft),88,242459,978.0,8421.0,20130421,1:28,1.78
7ytYV-tVIvg,How Did Notch Become A Billionaire? How Much Did Minecraft Sell For?????,216,128475,222.0,2871.0,20150612,3:36,1.78
AjXbO2XfBkE,How Do You Turn Off A PS4? Xbox Noob In Need Of Help,72,109180,305.0,2221.0,20150801,1:12,1.78
7Pogam71094,How Do Youtubers Make Money? How Do Youtubers Get Paid?,365,146183,528.0,4230.0,20150929,6:05,1.78
BzKaMelDzqo,How Fast Can I Go?,18,188596414,9400.0,2906367.0,20250405,18,0.56
tAwzBYE18Us,How I Became MrBeef,45,41261341,18000.0,1503022.0,20251116,45,0.56
fY-LA3YaZ_M,"How I Gained 15,000,000 Subscribers In 1 Year",394,19792991,39000.0,895017.0,20200103,6:34,1.78
9-HphHIJS9c,"How I Gave Away $1,000,000",914,14577812,33000.0,487521.0,20181225,15:14,1.78
J590MYm0SY8,How I Will Survive The Zombie Apocalypse!,361,245379,735.0,6869.0,20150831,6:01,1.78
lkCRPp7cnP8,How Many Balloons Does It Take To Fly?,18,545859961,51000.0,20394130.0,20240710,18,0.56
dc089EZRGcg,How Many Balloons To Make A Store Fly?,22,556635571,15000.0,11106011.0,20241118,22,0.56
fN_RQFqaGHI,How Many Licks Does It Take To Get To The Center Of A Tootsie Pop?,757,398885,2500.0,12320.0,20160519,12:37,1.78
L7lGD_anC00,How Many People Do Youtube as a JOB?????,173,66097,238.0,1571.0,20150226,2:53,1.78
bEIK5ni_Pzs,How Many People Get The Diamond Play Button?????,236,1829277,2700.0,18597.0,20150725,3:56,1.78
XOtTKQujlkI,"How Many People Get The Golden Play Button? (1,000,000 Subscribers)",176,170978,586.0,4033.0,20151128,2:56,1.78
HIhUkvAG0o4,How Many People Have A Silver Play Button????,212,531491,844.0,13910.0,20151208,3:32,1.78
U-x6KxH1kB4,How Many People to Pull a Plane?,27,46348186,14000.0,945868.0,20251206,27,0.56
3cWm9B_0_kI,How Many People To Stop Ronaldo?,20,628805056,32000.0,12700573.0,20241227,20,0.56
Ejou8aa5eZk,How Many Rubber Bands Does It Take To Snap A Safe?,615,37441116,43000.0,910502.0,20180522,10:15,1.78
19NmWqv4Alk,How Many School Buses Can We Stack?,45,525245529,29000.0,15638629.0,20230905,45,0.56
d8pJkuSp1iI,How Many Toy Cars Does It Take To Pull A Real Car?,708,41395134,26000.0,759725.0,20180504,11:48,1.78
Jtj9rUqlB1Y,How Many Youtubers Are Millionaires???,169,134775,266.0,2075.0,20150804,2:49,1.78
iOjxpow6jow,How Many Youtubers Are Millionaries?????,233,553698,1800.0,9453.0,20140226,3:53,1.78
0VjLq-go1fg,How Much $$$ Does Every Member of FaZe Make COMBINED????? 2016,236,114012,316.0,1744.0,20150305,3:56,1.78
deK-My3Of0o,How Much Do T.V. Commercials Cost?????,209,64596,275.0,1709.0,20150828,3:29,1.78
TacjQmKCiZg,How Much Does Faze Rain's Giveaway Cost??????,73,64558,417.0,1683.0,20150530,1:13,1.78
yyJ7xEcENNI,How Much Does Pewdiepie Make?,233,286825,232.0,3414.0,20150628,3:53,1.78
anZbhN0Wh_4,How Much Does PewDiePie Make????? 2016,206,466802,474.0,6208.0,20140524,3:26,1.78
VzsE09KjpKA,How Much Does WhiteBoy7thSt Make????? 2016,206,360403,237.0,3108.0,20140711,3:26,1.78
HduubRTdko4,"How Much Does ""Epic Rap Battles"" Make?????",199,64562,261.0,1671.0,20140710,3:19,1.78
udmf5MQLNGA,How Much Money Did Gangnam Style Earn??? 2016,144,117509,253.0,2121.0,20141126,2:24,1.78
1gfgZhW3YgU,"How Much Money Do Big Youtubers Make? (Pewdiepie, Markiplier, etc)",227,128104,450.0,4817.0,20160422,3:47,1.78
Kgu2ApayYvI,How Much Money Do I Make?????,249,167503,683.0,5104.0,20140316,4:09,1.78
zi7tZ-2PhLk,How Much Money Do You Make As An Uber Driver??????,304,64567,218.0,1422.0,20150531,5:04,1.78
vGB2d5cQJpY,How Much Money Do Youtubers Make? Real Numbers!,194,467829,777.0,12601.0,20150830,3:14,1.78
G4qOiwIE_o0,HOW MUCH MONEY DO YOUTUBERS MAKE?,204,3156723,5400.0,151504.0,20160814,3:24,1.78
Ow3xqv7ahXo,How Much Money Does Bill Gates Make / Have - Billionaire,244,160643,365.0,4416.0,20151009,4:04,1.78
zX04jQFKCpo,How Much Money Does CaptainSparkles Make????? 2016,183,884887,629.0,8099.0,20140515,3:03,1.78
zfDr05ax0gM,How Much Money Does DramaAlert Make????,92,64560,365.0,1952.0,20150515,1:32,1.78
qFOGv5zuTdw,How Much Money Does FaZe Make?????,198,64564,326.0,1790.0,20140709,3:18,1.78
vKKhX-Uyggw,How Much Money Does FaZe Rain Make?????,215,76733,177.0,1525.0,20140618,3:35,1.78
IQYW_lVBYGo,How Much Money Does KyR's Speedy's Crew Make?????,173,109068,314.0,2094.0,20140302,2:53,1.78
iqUFeWAVp-0,How Much Money Does Markiplier Make????? 2016,154,162762,251.0,2392.0,20150104,2:34,1.78
BqS4iVHa-LU,How Much Money Does Penguinz0 Make????? 2016,174,104854,370.0,3272.0,20140516,2:54,1.78
A8IkOqb_7Yg,How Much Money Does Pewdiepie Make????? (Updated 2015),249,2144901,2100.0,30520.0,20140111,4:09,1.78
XVMY7B3AzWM,How Much Money Does PewDiePie Make?????,332,931924,1500.0,16047.0,20131112,5:32,1.78
Z0Poefgrs4w,How Much Money Does Smosh Make????? 2016,167,87461,224.0,1474.0,20150303,2:47,1.78
xu1nhAfnMGA,How Much Money Does Syndicate Project Make????? 2016,203,101043,256.0,1276.0,20150224,3:23,1.78
rSuuQ_s8gOw,How Much Money Does Tmartn Make?????,157,64584,399.0,1879.0,20140621,2:37,1.78
G7Y9ban7b0U,How Much Money Does Tobuscus Make?????,141,82647,243.0,1573.0,20140514,2:21,1.78
LDegY-H60_U,How much money does VanossGaming Make? 2016,199,383447,299.0,4990.0,20141102,3:19,1.78
NbHwVDt9Rjk,How Much Money Does Yogscast Make????? 2016,225,65287,181.0,1192.0,20140713,3:45,1.78
8E5Ygl02wtM,"How Much Money Does ""Chris Smooth"" Make?????",242,84721,194.0,1386.0,20140821,4:02,1.78
KJ_C_NSl0P8,"How Much Money Does ""Element Animation"" Make?????",209,216574,450.0,4090.0,20140330,3:29,1.78
LI8nWXeYtOs,"How Much Money Does ""Skydoesminecraft"" Make????",167,87140,395.0,1754.0,20140330,2:47,1.78
pS-fFdvyHLE,How Much Tape To Stop A Lamborghini?,14,786787987,21000.0,14112665.0,20241108,14,0.56
zo7i8VTpfNM,"How Much Would You Risk For $500,000?",1525,138172962,32000.0,2310240.0,20250927,25:25,1.78
94A-bsumX9A,How Much Youtube Money Do I Make???,147,462549,705.0,10630.0,20150803,2:27,1.78
7GjSaNi8Epg,How Overpriced Is Movie Popcorn?????,159,64562,329.0,1648.0,20150503,2:39,1.78
7YOzgk-U4EU,How Rich Is Buzz Feed???,205,80426,204.0,1218.0,20150407,3:25,1.78
9pk-neTrDoM,How To Be MrBeast (Made By Really Old Subscriber),320,76416,287.0,2951.0,20160123,5:20,1.78
7Pr0HP-Trgk,How To Become A Gaming Youtuber! All You Need To Know!,422,64602,503.0,2195.0,20150708,7:02,1.78
prdSftLj9-g,How To Do A High School or College Paper!,236,114420,212.0,2040.0,20150406,3:56,1.78
ObYLL97-SBA,How To Duplicate Diamonds!!!!,37,197387,610.0,6771.0,20130915,37,1.78
v5J1Cycn3s8,How To Gain Youtube Success,162,103439,344.0,3442.0,20150702,2:42,1.78
1Pr-R2nKTY4,"How To Get 1,000 Subscribers On Youtube - Vlogs Gaming",178,103495,517.0,4477.0,20151015,2:58,1.78
jkqd-oc0F00,"How To Get A Gaming Partnership, And What It Is.",409,114232,682.0,3929.0,20130808,6:49,1.78
GbOfxRfHdeg,How To Get Active Subscribers On Youtube? Tips 2016,344,102475,730.0,4619.0,20160105,5:44,1.78
cpI5lCaqZcQ,How To Get More Views And Subscribers On Youtube (2016),191,82167,330.0,3570.0,20151203,3:11,1.78
m3lTwO0aNyw,How to get unlimited diamonds! minecraft (x-ray),133,644126,2400.0,25722.0,20130126,2:13,1.78
9LiS_3HEErU,HOW TO MAKE A GOOD INTRO FOR YOUTUBE,184,193039,1300.0,6163.0,20160614,3:04,1.78
-cWVrFABWHw,HOW TO MAKE A VIRAL PRANK VIDEO 100% LEGIT,145,186550,433.0,6207.0,20160126,2:25,1.78
zgDezsMQyyU,How To Monetize Your Videos And Make Lots Of Youtube Money!!$$$,623,64720,328.0,1748.0,20150510,10:23,1.78
zv_oq5UNDAo,"How To SAT, Get Into Yale",244,65888,197.0,1413.0,20150413,4:04,1.78
JP3v6UxI124,How To Think Of Good Video Ideas (Tips),371,140818,574.0,8456.0,20151226,6:11,1.78
oB8kFFvJdhE,How To Tweet When You're Dead! DEADSOCIAL Facebook And Instagram Also!,269,64552,490.0,2060.0,20150827,4:29,1.78
Qy17S3g8ZuY,HOW TO UNLOCK ANY IPHONE WITHOUT THE PASSCODE,531,23179366,33000.0,579895.0,20161221,8:51,1.78
gpbY6zCEBv4,How Video Games Boosted My SAT Score. Lol,177,70173,253.0,1856.0,20140326,2:57,1.78
6z5RwrvnH28,Huge WW2 jeep! Minecraft creations.,64,669362,2000.0,19631.0,20130421,1:04,1.78
ZNt_GoOBHq8,Human vs Jet Engine,18,615189587,22000.0,13991831.0,20241017,18,0.56
h5NvTTOlOtI,Hydraulic Press Vs Lamborghini,624,270679267,124000.0,5805054.0,20221210,10:24,1.78
lOKASgtr6kU,I Adopted 100 Dogs!,903,398078658,112000.0,6730792.0,20231223,15:03,1.78
YQDDm9HLkV4,I Adopted EVERY Dog In A Dog Shelter,964,282687970,206000.0,5008207.0,20200723,16:04,1.78
qPBtTPJHS0Q,I Advertised Pewdiepie At The Super Bowl,764,45313860,63000.0,1243356.0,20190204,12:44,1.78
3ih2bPKSWsQ,I Arrested IShowSpeed,35,105506532,7800.0,2717125.0,20250912,35,0.56
C680oxL__ck,"I Ate $100,000 Golden Ice Cream",797,307250618,172000.0,6177449.0,20210122,13:17,1.78
F4Y3Pkn95GI,"I Ate A $70,000 Golden Pizza",775,286659858,110000.0,4460736.0,20200229,12:55,1.78
Rj_vssRaZlQ,I Ate The World’s Largest Slice Of Pizza,482,336449010,138000.0,4960972.0,20200801,8:02,1.78
O3YVBJ2n5xg,I Ate The World’s Most Poisonous Fish,32,546989989,41000.0,22199088.0,20230808,32,0.56
yWEUL3crU_E,I Baked a Cake In a Race Car,37,47669411,8000.0,858717.0,20251021,37,0.56
KO8B2kw_Jxs,I BOUGHT A 1000$ KEYBOARD,381,1645234,2700.0,38409.0,20161025,6:21,1.78
nLpqZEAFnkE,I Bought A Car Using Only Pennies,711,26664575,38000.0,719166.0,20180125,11:51,1.78
OJA1QK-j-Oo,I Bought A New Microphone!  (quality test),175,178253,609.0,5478.0,20130727,2:55,1.78
FbM1yi4mMMc,I Bought A Private Island,697,186387567,126000.0,4010232.0,20200813,11:37,1.78
l_huIWJBhJM,I Bought An Expensive Car Using Only $1 Bills,629,37758838,35000.0,1075243.0,20180213,10:29,1.78
qZNxvnQv0h4,I Bought Every Billboard In My City For This,931,38874632,104000.0,1310890.0,20181026,15:31,1.78
5Fg9oZk-5uA,I Bought Everything In 5 Stores,830,215927134,191000.0,5780653.0,20210109,13:50,1.78
ha4tRQwKIUg,I Bought Everything In A Store - Challenge,1016,171252076,180000.0,4343778.0,20190518,16:56,1.78
sirrTXiPFmw,I Bought One Snickers Bar From Every Walmart,608,45142007,69000.0,1117132.0,20180113,10:08,1.78
ayXxwJJId_c,"I Bought The World's Largest Mystery Box! ($500,000)",650,304279386,173000.0,5552697.0,20210403,10:50,1.78
7ALCsEyn3mg,I Bought The World's Most Expensive Apps ($10k),619,27122851,24000.0,758758.0,20180208,10:19,1.78
OAbP-V6fEVc,I Broke Into A House,841,211833773,197000.0,3975277.0,20200625,14:01,1.78
5OLs1GWB4OA,I Built 10 Schools Around The World,964,67889048,95000.0,2362373.0,20260221,16:04,1.78
KkCXLABwHP0,I Built 100 Houses And Gave Them Away!,576,261847732,292000.0,7988880.0,20240629,9:36,1.78
mwKJfNYwvm8,I Built 100 Wells In Africa,629,265754250,214000.0,10428547.0,20231104,10:29,1.78
koRKIlRQj4g,I Built A Mansion Using Only Cardboard Boxes,428,25942601,23000.0,573448.0,20180320,7:08,1.78
KaUuPNYHFNg,I Built a School in Mexico,40,26044265,15000.0,968540.0,20260222,40,0.56
XE9pUM9MEFA,I Built A Working Car Using Only LEGOS,744,75394506,98000.0,1643385.0,20180623,12:24,1.78
59AYXzCa-Cs,I Built The World's Largest Lego Tower,836,221724666,76000.0,3657617.0,20200606,13:56,1.78
Hwybp38GnZw,I Built Willy Wonka's Chocolate Factory!,971,377693720,155000.0,6948139.0,20220604,16:11,1.78
stUofW3whpE,I Buried Treasure in the Bermuda Triangle,53,536331771,39000.0,26191886.0,20230706,53,0.56
AS6WMS_Bemg,I Can't Believe I Found This Stuff On Amazon..,427,31394097,23000.0,1187047.0,20171222,7:07,1.78
jtOalDNVrKM,I Can't Break My Strange Addiction,285,1973055,8800.0,95714.0,20170319,4:45,1.78
cV2gBU6hKfY,I Cleaned The World’s Dirtiest Beach #TeamSeas,295,136274350,166000.0,5609793.0,20211029,4:55,1.78
wIpWCJKfRXs,I Cooked A Pizza With Power Tools,40,730827607,61000.0,11808256.0,20250923,40,0.56
xWcldHxHFpo,"I Counted To 100,000!",85686,33730620,138000.0,1540625.0,20170109,23:48:06,1.79
TgCm8oDmxOk,I Crashed One Of The Most Expensive Cars In The World,15,122253194,7400.0,2640115.0,20250314,15,0.56
vaIgyRoUkQI,I Didn’t Eat Food For 30 Days,784,132018196,106000.0,4371201.0,20220702,13:04,1.78
n9BbAfbsyj0,"I Donated $10,000 If They Said This Word (Twitch Streamers)",785,20151596,21000.0,553838.0,20180404,13:05,1.78
vbph9F_pRNI,I Donated $1000 Every Time She Blinked - Fortnite Streamers,945,21892892,24000.0,638941.0,20180624,15:45,1.78
qAW6CE7_bFM,"I Donated $25,000 To Random Kids Streaming Fortnite",1056,66427731,39000.0,1325421.0,20180914,17:36,1.78
g2rbhIB-ITM,"I Donated $30,000 To A Random Twitch Streamer (world record)",1106,32935263,54000.0,1051108.0,20180128,18:26,1.78
yzGmnjDFuZE,"I Donated $30,000 To My Favorite Twitch Streamer (ninja)",628,36813899,38000.0,857237.0,20180221,10:28,1.78
_uwNDiU04zE,"I Donated $300,000 To People In Need",654,57542276,142000.0,3026249.0,20210213,10:54,1.78
zE3FLbpu9-Q,"I Donated $40,000 To A Random Twitch Fortnite Streamer (world record)",1277,24626870,28000.0,629795.0,20180421,21:17,1.78
foLlul8Tl3E,"I Donated $50,000 To Ninja - Fortnite",1074,98752340,59000.0,2141700.0,20180714,17:54,1.78
sg_XFT4K3N4,"I Dropped $20,000 From A Drone",705,7841384,16000.0,248189.0,20180308,11:45,1.78
AFXoSFNMwIA,I Filled Chandler’s Car With Feastables,38,486422920,30000.0,15128230.0,20240227,38,0.56
vp5sSqyZ5Go,I Filled My Brother’s House With Slime & Bought Him A New One,565,264936310,116000.0,4163574.0,20201010,9:25,1.78
vETSAZgfDP4,I Flew Using Only Balloons AND Leaf Blowers,677,32855312,44000.0,651106.0,20180423,11:17,1.78
dFr5YQaQQdo,"I Gave $20,000 To People From An Ice Cream Truck",821,14820678,20000.0,346491.0,20180502,13:41,1.78
op0N7axawJA,"I Gave $20,000 To Random Homeless People",656,47742189,72000.0,1302431.0,20180217,10:56,1.78
5Hg_QSIJm8I,"I Gave $200,000 To People Who Lost Their Jobs (Corona Virus)",919,47387713,63000.0,1400218.0,20200507,15:19,1.78
uBC7805Smsg,"I Gave $500,000 To Random People",903,15255524,30000.0,452520.0,20180511,15:03,1.78
9cCpZl8euLI,I Gave A Homeless Man A Home,776,89353984,111000.0,2234526.0,20190228,12:56,1.78
AjZDwxt7S8w,I Gave Away A House On Halloween,48,368353883,37000.0,13843169.0,20231110,48,0.56
L8nh1wuXTbI,"I Gave Him One Hour To Spend $100,000!",825,83883151,68000.0,1650377.0,20190101,13:45,1.78
UE5AHE2Ypr8,"I Gave My 40,000,000th Subscriber 40 Cars",1031,214971159,184000.0,4901941.0,20200919,17:11,1.78
dp8IaLrZpGs,"I Gave My 5,000,000th Subscriber 5,000,000 ______",671,11373123,18000.0,292263.0,20180608,11:11,1.78
-0zoWMSEOGg,"I Gave My 6,000,000th Subscriber 6,000,000 ____",1113,17754697,31000.0,393814.0,20180725,18:33,1.78
0NGWT9COcEI,"I Gave My Brother 24 Hours To Spend $100,000",787,109626821,56000.0,2595497.0,20190831,13:07,1.78
IYVjOfoU3uI,I Gave My Credit Card To Random People,1008,203063139,97000.0,4138147.0,20200201,16:48,1.78
LeYsRMZFUq0,"I Gave People $1,000,000 But ONLY 1 Minute To Spend It!",858,244345920,185000.0,7094351.0,20201215,14:18,1.78
1UygJmcHUdQ,I Got Bored Of Studying So This Happened,129,862428,1100.0,23785.0,20151013,2:09,1.78
TQHEJj68Jew,I Got Hunted By A Real Bounty Hunter,808,239550089,119000.0,4377107.0,20210424,13:28,1.78
hxwpkM5w3Cc,I Got Hunted By The FBI,950,270404306,97000.0,4905301.0,20210807,15:50,1.78
QbJJwaVdgIs,I Got Hunted By The Military,627,266607344,93000.0,4867152.0,20211210,10:27,1.78
ykRq_rp7NhM,I Got Naruto to Subscribe to Me,19,323740227,24000.0,13393830.0,20230520,19,0.56
3Q3pQmzWyZM,I Got Really Really Really Bored....,51,65854,387.0,1899.0,20140524,51,1.78
zvBXpoBegwE,I Got T-Series To Subscribe To Me,30,278261528,18000.0,9035576.0,20241209,30,0.56
2IGxSOfsBok,I Hate Pewdiepie!!!!!,126,3068534,14000.0,224365.0,20140201,2:06,1.78
eBklqeeIu10,I Hate Spam On Youtube,188,64546,658.0,2091.0,20150712,3:08,1.78
9zFfp3gzZ88,I Hate Youtubers That Ask For Likes,255,235602,750.0,11585.0,20150820,4:15,1.78
SM66GDRyIVY,"I Helped 2,000 People Walk Again",930,143863547,56000.0,3016610.0,20250111,15:30,1.78
jCE1Ol3PYDs,"I Hid $1,000,000 In This Vault",57,93364392,18000.0,2035601.0,20260320,57,0.56
tBEBc4KQVsU,I Hope This Magic Trick Works,982,43722661,18000.0,715097.0,20180911,16:22,1.78
65fN_OUawjk,I Hunted 100 People!,722,271840373,65000.0,4044759.0,20220903,12:02,1.78
97Gh93Daio0,I Made Money Grow On Trees,628,17393756,35000.0,429416.0,20180601,10:28,1.78
t1BWMa8btIw,I Mailed Myself IN A BOX & it REALLY WORKED! (Human Mail Challenge),302,16558225,15000.0,453669.0,20161130,5:02,1.78
R7oW0LwS_e4,I Met Neymar,9,120345192,16000.0,1946165.0,20250711,9,0.56
bvlFjrcpD6s,I NEED 1 MORE 𝗦𝗨𝗕𝗦𝗖𝗥𝗜𝗕𝗘𝗥,22,549947361,83000.0,30977537.0,20231005,22,0.56
ORUX1lHbOa8,I Opened A FREE BANK,652,129728259,94000.0,3050497.0,20191123,10:52,1.78
3LLnjRLrvLU,I Opened A Free Car Dealership,920,159505736,137000.0,3557950.0,20190829,15:20,1.78
dg2Ag3e8W-Q,I Opened A Restaurant That Pays You To Eat At It,572,206692574,723000.0,5195136.0,20201219,9:32,1.78
n6qc4LHN2KQ,I Opened The World's First FREE Store,890,98768592,76000.0,2397947.0,20190615,14:50,1.78
IiW2smvEcBM,I Opened The World’s Cheapest Store,918,41787266,82000.0,1142131.0,20190126,15:18,1.78
sfv1QaRzJg8,I Ordered Pizza And Tipped The House,770,164676350,105000.0,4442086.0,20191205,12:50,1.78
CAOY8EKH1qU,I Paid A Random Student’s College Tuition,37,529511457,62000.0,25140483.0,20230926,37,0.56
YLt73w6criQ,I Paid A Real Assassin To Try To Kill Me,737,336383546,104000.0,6485841.0,20230318,12:17,1.78
7aE4EhHXzlA,I Paid Everyone Stuck in Traffic,27,99287518,41000.0,2774692.0,20251226,27,0.56
f0c7pSCoZqE,"I Put 1,000,000,000 Christmas Lights On A House (World Record)",682,135156723,105000.0,3004735.0,20201223,11:22,1.78
q6Qw8mUVTrE,I Put 10 Million Legos in Friend's House,917,119870707,62000.0,1735877.0,20190118,15:17,1.78
3TflpIllQHY,I Put 100 Million Orbeez In My Friend's Backyard,885,253644548,142000.0,5472446.0,20181122,14:45,1.78
Su34c5Z8DW4,I Put Millions Of Pennies In My Friends Backyard,880,190515186,64000.0,2853702.0,20181208,14:40,1.78
BfKI_TQnQvo,I Raced A Cheetah,20,163803843,14000.0,3349850.0,20250706,20,0.56
uA9Zcg3vHvo,I Raced IShowSpeed,47,600164811,12000.0,9585368.0,20250901,47,0.56
LyFMbY-c_Lc,I Raced Noah Lyles,32,413535074,11000.0,4683758.0,20251114,32,0.56
AiGKBNGlzHo,I Ran A Marathon In The World's Largest Shoes,829,189024533,70000.0,3538677.0,20200321,13:49,1.78
Oo9EbArcQ1c,"I Saved 1,000 Animals From Dying",1055,200432341,61000.0,3429175.0,20251025,17:35,1.78
anFxsa5jXrE,"I Searched 100 Dumpsters, Here's What I Found",1028,236952299,57000.0,3220934.0,20191012,17:08,1.78
Y0cBiGUuB1Y,I Sent a Subscriber to Disneyland,26,709532770,81000.0,30168603.0,20230330,26,0.56
vJH28ICkCdU,I Sold My House For $1,560,189599474,116000.0,4094410.0,20210306,9:20,1.78
5V2B28OqfqM,"I Spent $1,000,000 On Lottery Tickets and WON",612,153153351,85000.0,3419739.0,20200808,10:12,1.78
jokVbbLqV_E,"I Spent $100,000 On Lottery Tickets And Won!",910,58535296,29000.0,1436149.0,20191031,15:10,1.78
wDqJZ_2ZA3A,"I Spent $30,000 On Lottery Tickets And Won ____",933,17388514,21000.0,425572.0,20180928,15:33,1.78
f0M64XpmTz8,"I Spent $50,000 On Lottery Tickets And Won ____",1014,31439957,33000.0,744941.0,20181019,16:54,1.78
NDsO1LT_0lw,I Spent 100 Hours Inside The Pyramids!,1302,229693581,100000.0,5352257.0,20250208,21:42,1.78
HBMmK1c44sE,I Spent 24 Hours In A Doomsday Bunker,719,229909055,79000.0,3428351.0,20200411,11:59,1.78
TOcGSwJBPMQ,I Spent 24 Hours Straight At Area 51,914,198231641,100000.0,4027769.0,20190802,15:14,1.78
nuM0Z4a7kMs,I Spent 24 Hours Straight In Insane Asylum,955,124120577,133000.0,2355718.0,20190210,15:55,1.78
sESRuTyfsEk,I Spent 24 Hours Straight In Prison - Challenge,781,120201735,73000.0,2119368.0,20181219,13:01,1.78
9GD6hbqu2oM,I Spent 24 Hours Straight In Slime,878,44186578,32000.0,933905.0,20181009,14:38,1.78
9bqk6ZUsKyA,I Spent 50 Hours Buried Alive,759,341661533,242000.0,8345029.0,20210327,12:39,1.78
r7zJ8srwwjk,I Spent 50 Hours In Solitary Confinement,951,343243615,116000.0,5105030.0,20200530,15:51,1.78
7dYTw-jAYkY,I Spent 7 Days Buried Alive,1114,313884615,126000.0,8281909.0,20231118,18:34,1.78
K_CbgLpvH9E,I Spent 7 Days In Solitary Confinement,1216,291963481,85000.0,5546152.0,20231230,20:16,1.78
6Zy5VLcEbZc,"I Stranded 100 People In The Wilderness For $250,000",2220,121367302,1300000.0,2487754.0,20260502,37:00,1.78
HISfrcjiNPM,I Surprised 50 Make-A-Wish Kids With Disneyland,29,48926498,13000.0,1084788.0,20251121,29,0.56
y1UVAtHALaA,"I Surprised a Random Subscriber With $10,000",35,145445113,49000.0,4149814.0,20260529,35,0.56
-4GmbBoYQjE,I Survived 100 Hours In An Ancient Temple,946,137120302,78000.0,3071052.0,20250510,15:46,1.78
SZQhgExjBvQ,I Survived 24 Hours Straight In Ice,694,184256776,192000.0,4269287.0,20201029,11:34,1.78
nM89Wl03Q4g,I Survived 50 Hours In A Maximum Security Prison,753,300290706,99000.0,4482267.0,20210626,12:33,1.78
7IKab3HcfFk,I Survived 50 Hours In Antarctica,730,259460732,143000.0,5868256.0,20221224,12:10,1.78
tWYsfOSY9vY,I Survived 7 Days In An Abandoned City,1043,353378712,201000.0,6782990.0,20240302,17:23,1.78
aKq8bkY5eTU,I Survived The 5 Deadliest Places On Earth,802,185094794,55000.0,3322002.0,20250322,13:22,1.78
U9c-ycvw02A,I Think I Am Going For The #KarnageRC,232,64586,578.0,2043.0,20150605,3:52,1.78
IemzxkkzI5s,I Tipped A Pizza Delivery Driver A Car,52,718889033,36000.0,27082148.0,20231012,52,0.56
CWK6an4mYL0,"I Tipped Waitresses $20,000",743,15027210,19000.0,355342.0,20180330,12:23,1.78
t4OumncEiKo,I Took Apart My Friends Car And Put It In His Room,616,15963016,12000.0,316168.0,20180525,10:16,1.78
CP82DAKzL1U,I Traded My Car At a Red Light,47,749760906,43000.0,27498255.0,20230715,47,0.56
3iaDrpKdaIc,I Ubered Random People In A Tank,598,30269394,42000.0,861070.0,20180711,9:58,1.78
IoZri9hq7z4,I Uber’d People And Let Them Keep The Car,850,154882616,85000.0,4239614.0,20201024,14:10,1.78
UQtltNZ_pjs,I Won Every Prize At A Theme Park,801,189615225,67000.0,3032162.0,20190815,13:21,1.78
j93M46a-W3U,I'm Back! Update Video....,203,215094,768.0,7134.0,20130719,3:23,1.78
5PCxQSMOl3o,i'm really sorry,191,5973201,10000.0,204239.0,20171026,3:11,1.78
NEDPgQYhbqs,IF ONLINE ADS WERE REAL,276,9906386,17000.0,575563.0,20161016,4:36,1.78
dqpCvSU-ECE,If This Goes In You Have To Subscribe,12,176640933,17000.0,1389970.0,20260517,12,0.56
v1ELS84GQu8,If This Video Gets One Million Views.....,45,13381145,71000.0,1169765.0,20130907,45,1.78
ktyJIj6i4Qw,"If You Can Carry $1,000,000 You Keep It!",607,269557951,78000.0,3940831.0,20210724,10:07,1.78
YSoJPA8-oHc,If You Click This Video I'll Give My Friend .001$,1041,229669725,169000.0,7552024.0,20200523,17:21,1.78
9fa_JYTPZ2Y,IF YOU ONLY SEE ORANGE YOU'RE COLOR BLIND,233,1848676,7500.0,92686.0,20161205,3:53,1.78
gGcaGdHlt60,"If You Spill, You Lose!",18,512548769,8500.0,4205698.0,20250625,18,0.56
ScjQAcbA9e4,Important Announcement From The Grocery Store,12,16926083,15000.0,532869.0,20260428,12,0.56
0hVZOJCYBBM,Important Youtube Announcement (please watch),155,39709694,124000.0,2412910.0,20191228,2:35,1.78
LWstCINhd8g,Impossible,233,96315,351.0,2870.0,20140420,3:53,1.78
Pv0iVoSZzN8,In 10 Minutes This Room Will Explode!,600,167881894,76000.0,4169474.0,20240427,10:00,1.78
ZiuoOcj2eLY,In Dis Video I Play Minecraft. (Factions),529,65846,213.0,1813.0,20140705,8:49,1.78
DL0OPJ2hahc,Increase Youtube Views 2015! COMMUNITY CHANNELS - Boosting Youtube Views,232,64557,314.0,1891.0,20150927,3:52,1.78
Vr2337tCLCI,Insane Advanced Warfare Hacker!,134,64551,389.0,1958.0,20150607,2:14,1.78
pUwUAtmBKxw,Insane Black Ops 2 HACKER!!!!,359,269719,713.0,7120.0,20130730,5:59,1.78
X7doE4h6W64,Insane Gun Sync - 7 Hours To Make,134,64571,588.0,2366.0,20150621,2:14,1.78
SgMydsOucFg,INSANE TRIPLE LEGENDARY SUPPLY DROP! BEST OPENING YET?,209,64561,385.0,,20150711,3:29,1.78
Pgxi8dsUW-o,Is Being A Youtuber Hard? Is Being A Youtuber Worth It?,321,129473,704.0,4944.0,20151004,5:21,1.78
toIeUtplfWQ,Is Being Smart or Strong Better?,39,146842232,9800.0,2646589.0,20260206,39,0.56
boBokLXe5o8,Is Jacksepticeye A Millionaire?????? 2016,189,250261,675.0,3729.0,20150409,3:09,1.78
hfaPkoXeYfU,Is Michael Bay My Dad????????,102,83073,251.0,2458.0,20160118,1:42,1.78
z7qtJAAV5d0,Is Obama Dead? Dumb Google Searches!,323,234717,292.0,4738.0,20160124,5:23,1.78
uCIpW9zOmgI,Is Pewdiepie The #2 Youtuber?!?!?  :0,235,102833,325.0,1864.0,20150304,3:55,1.78
DpIvW6av0pI,IT FINALLY CAME IN THE MAIL,302,368427,1300.0,12164.0,20161010,5:02,1.78
6GzHPS0rEgc,"I’m Giving My 250M Subscriber $25,000",20,350073684,60000.0,10803815.0,20240406,20,0.56
B9LizOAAoLg,I’m Granting Wishes For My Subscribers,16,583458252,1000000.0,5006251.0,20260507,16,0.56
EiFcNbXBqeo,Jet Engine vs Human for $10k,23,163747063,7400.0,2469186.0,20250720,23,0.56
UTdcX1e0cMA,"Jump Over The Lava, Win!",63,89429345,12000.0,2308406.0,20251010,1:03,0.56
L5kIXRdwGAI,Katana Vs Bullet,40,1177153064,54000.0,38421611.0,20230907,40,0.56
OnTTThIzuNU,"Keep Track Of Car, Win $10,000",50,184118023,95000.0,7974424.0,20240319,50,0.56
miKQkeq5sbU,Knives In Video Games Cost More Than Real Life????,223,72358,281.0,2257.0,20150918,3:43,1.78
56OkH6ocYZU,L0114R - Biblical Creeper Post for Post @L0114R,88,64557,255.0,1305.0,20150515,1:28,1.78
KSKJKLmAqpI,"Lambo Race, Winner Keeps Lambo",888,152696837,54000.0,2759543.0,20200208,14:48,1.78
954wJ3uHVAk,Last One To Fall Wins,29,161765521,9000.0,4229913.0,20250308,29,0.56
MFpWEKN9c6Y,"Last Person Hanging Wins $10,000",42,631961653,17000.0,13702285.0,20250121,42,0.56
qtWqHIx8Z-o,"Last Person Standing Wins $10,000",47,727924963,11000.0,14017981.0,20241222,47,0.56
tQ4m4zD7BBA,"Last To Fall Wins $1,000,000 (Part 1)",1016,170222735,56000.0,3170706.0,20191114,16:56,1.78
NkE0AMGzpJY,"Last To Leave $800,000 Island Keeps It",1274,297766260,224000.0,5910483.0,20200815,21:14,1.78
Gz3yak1cl-8,"Last To Leave Circle Wins $10,000 - Challenge",995,99191335,58000.0,1678816.0,20181012,16:35,1.78
zxYjTTXc-J8,"Last To Leave Circle Wins $500,000",1063,556645602,132000.0,7904230.0,20210831,17:43,1.78
zRtGL0-5rg4,"Last To Leave Grocery Store, Wins $250,000",2577,150070933,166000.0,3133599.0,20260418,42:57,1.78
bTrV5v7GLcQ,"Last To Leave Pool Of $20,000 Keeps It",998,188308132,81000.0,3362048.0,20190824,16:38,1.78
NS3hse9ezik,"Last To Leave Ramen Noodle Pool Wins $20,000",872,78780705,43000.0,1605098.0,20190913,14:32,1.78
6wsFjjhZPJI,"Last To Leave Revolving Door Wins $50,000",824,171446180,179000.0,3709546.0,20190702,13:44,1.78
gL6iSCSHjco,"Last To Leave Roller Coaster Wins $20,000 - Challenge",907,168829336,66000.0,3067397.0,20190817,15:07,1.78
3ix_gbcubTo,"Last To Leave Slime Pit Wins $20,000 - Challenge",1070,152445783,73000.0,2422022.0,20181130,17:50,1.78
i2O6GMpNWGo,"Last To Leave The Tesla, Keeps It Challenge",1109,122515598,44000.0,2092113.0,20190329,18:29,1.78
zajUgQLviwk,"Last to Leave Their Circle Wins $500,000",2318,198668843,84000.0,3108628.0,20250301,38:38,1.78
NbaWrbJDr48,"Last To Leave Toilet Wins $1,000,000 (Part 3)",946,105156414,48000.0,1963840.0,20191207,15:46,1.78
RCvnytndd9c,"Last To Leave VR Wins $20,000",857,170489578,93000.0,3293940.0,20190608,14:17,1.78
xRwy_rKc7gI,"Last To Leave World's Largest Bowl Of Cereal Wins $10,000",942,268809355,87000.0,3528427.0,20190515,15:42,1.78
nywT2SenPIo,"Last To Remove Hand, Gets Lamborghini Challenge",1185,97855515,73000.0,1719646.0,20181102,19:45,1.78
wMuYiLby3-s,"Last To Stop Riding Bike Wins $1,000,000 (Part 4)",705,68981814,91000.0,1505466.0,20191214,11:45,1.78
AA-VpIj8F5Y,"Last To Stop Running Wins $20,000",897,124727208,65000.0,2391918.0,20190606,14:57,1.78
RwnN2FVaHmw,"Last to Stop Swinging Wins $1,000,000 (Part 2)",783,148517905,80000.0,2384937.0,20191130,13:03,1.78
yeqARWqjkps,"Last To Take Hand Off $1,000,000 Keeps It",917,152497352,295000.0,3454261.0,20191219,15:17,1.78
Ims5p6wjW9s,"Last To Take Hand Off Boat, Keeps It",1007,137634146,57000.0,2158591.0,20191019,16:47,1.78
XaxhLbxZ13k,Last To Take Hand Off House Keeps It!,1050,103179395,44000.0,1687581.0,20190108,17:30,1.78
kX3nB4PpJko,"Last To Take Hand Off Jet, Keeps It!",937,248843595,99000.0,4961067.0,20221112,15:37,1.78
qIsgdOVGA04,"Last To Take Hand Off Lamborghini, Keeps It",907,201813221,126000.0,4818691.0,20211023,15:07,1.78
71VpdDb8e6U,"Last Youtuber To Leave Wins $100,000 - Challenge",1478,106914576,94000.0,2160896.0,20181212,24:38,1.78
6T17licWsQ4,Leaving For 7 Days,431,65935,308.0,1558.0,20150809,7:11,1.78
ttWTSskmxTA,Life Before And After Gamma (Insane) @GFuelEnergy,161,64590,711.0,2488.0,20160413,2:41,1.78
BMZP4CtphaU,Life Hacks You Need To Know,410,7410509,10000.0,201138.0,20171208,6:50,1.78
vBp0bzVr09s,LISTENING TO OLD VOICEMAILS FOR THE FIRST TIME,312,404111,1000.0,12025.0,20160828,5:12,1.78
pe_ejTiIcSs,"Lose 100 LBs, Win $250,000!",2209,253129130,118000.0,6927885.0,20250621,36:49,1.78
u0hHxeWkB_o,Lottery Taxes - How Much Tax Is If You Win The Lottery,219,140108,254.0,3682.0,20160116,3:39,1.78
jPm3hRiMKuU,Low Bridge Causes Dozen's Of Wrecks! 11-8 Bridge,222,64561,580.0,2354.0,20150710,3:42,1.78
rHoLyltYDtQ,Ma Channel,168,64560,309.0,1729.0,20150429,2:48,1.78
6BNOWeYFyP8,MageCraft - Beginners tutorial. (The app),526,64847,234.0,1412.0,20141117,8:46,1.78
bwp_3qLgWpQ,Magecraft - Epic Hit! 11k Troops killed.,232,64571,369.0,1550.0,20150221,3:52,1.78
VN2-3OfUzd8,Magic karp sweeps whole team of LEGENDARIES!!!,215,217553,983.0,8209.0,20130401,3:35,1.78
NnNZLCl78Ao,"Make This Kick, Win Super Bowl Tickets",52,140642621,9100.0,5193210.0,20230825,52,0.56
dBxOYE2j55U,Make This Video The Most Liked Video On Youtube,790,155931572,309000.0,30222869.0,20190116,13:10,1.78
BwAMltY3-c0,Making Fun Of Youtuber's Intros.,114,328246,608.0,7693.0,20150216,1:54,1.78
2nVjy-zd65Q,Making My Background More Epic,208,64582,372.0,2641.0,20160326,3:28,1.78
DfonKqMENrg,Making Youtube a Priority,195,71709,224.0,1835.0,20150401,3:15,1.78
KcNCJ1mgt14,"Marauder Builds, Battle Pirates In Depth Builds.",186,67194,721.0,2390.0,20131229,3:06,1.78
uAoayezOaug,Markiplier Is A Great Man! Sub shodleech!,123,243996,165.0,2385.0,20150609,2:03,1.78
aRcUVhVlSHg,"Men Vs Women Survive In The Wilderness For $500,000",1907,236482070,54000.0,4459027.0,20240907,31:47,1.78
NTZhwAldqwg,Metal Pipe Vs School Bus,27,536139180,29000.0,13883263.0,20230822,27,0.56
ntlG5XgYg4k,Microwaving A Microwave Microwaving A Toaster,856,4987771,14000.0,89499.0,20161223,14:16,1.78
KzwTYZ2W3ZA,Microwaving A Microwave,545,11902671,41000.0,439014.0,20161209,9:05,1.78
i8pmk5xnO2s,Microwaving Dry Ice (Microwave Explodes),355,3362111,5600.0,96566.0,20170209,5:55,1.78
nPlqRbVFBHI,"Microwaving my iPhone, what happens next might shock you..",336,2802342,8400.0,123323.0,20170820,5:36,1.78
fEcASr38n2E,Milestones And Plans For My Channel,180,83230,287.0,1853.0,20141130,3:00,1.78
OEuS7fjMlMc,Millions Of Views!,226,1206474,2400.0,35574.0,20151018,3:46,1.78
NCv0drAPm_M,Minecraft Build-off Fun!!!!!,212,82210,223.0,2115.0,20140609,3:32,1.78
Wz1VHTZq16c,Minecraft Let's Play Ep. # 2 - Having Fun and Derping!,897,207372,869.0,7679.0,20130812,14:57,1.78
uqjfMNEWNIg,Minecraft Let's Play! Ep. 1. The Beginning!,1106,743340,2600.0,25760.0,20130708,18:26,1.78
TZPlDuYrcDQ,Minecraft Mansion Timelapse,302,637712,2200.0,19947.0,20140222,5:02,1.78
yyssjJEJMt4,"Minecraft, How To Grief Without Being Seen!",62,372850,1400.0,18225.0,20130814,1:02,1.78
qWnyJ55KBKo,Minimum Wage,119,84796,186.0,1749.0,20150507,1:59,1.78
ywZy_Fo2ydo,Modern Art Is A Joke,169,64583,242.0,1616.0,20150425,2:49,1.78
HfJMs4mrSJM,Molten Lava Vs Giant Ice Block Experiment,457,101034940,41000.0,1856815.0,20190427,7:37,1.78
moMJjt5KECc,Money Problems,242,327850,428.0,5526.0,20140820,4:02,1.78
Y74b7WlcEpk,More birds IN MINECRAFT!!,125,1480572,4100.0,51166.0,20130112,2:05,1.78
7qj3nuF9Dzw,Most Epic minecraft skin EVER  (Psy),30,1366633,4000.0,46372.0,20130113,30,1.78
XKSJRulqDNA,Most Epic Thing In Minecraft!?!?!?!?!?!!?????,272,484285,1900.0,18579.0,20130310,4:32,1.78
k194wHZHjB0,Most Expensive Hand Model Holds Feastables,22,742873868,12000.0,13255333.0,20240224,22,0.56
QXag-irFHxE,Most Overpowered Guns In Ghost!,159,134567,392.0,3985.0,20131111,2:39,1.78
64WGWubQO3I,Motivation For Small Youtubers #3,210,192329,1200.0,9635.0,20160112,3:30,1.78
ngVEpJs5A5s,Motivation For Small Youtubers #4 - Inspiration For Youtubers,189,163063,639.0,7529.0,20160408,3:09,1.78
1s6UOlWdpw4,Motivation For Youtube - Ultimate Small Youtuber Motivation #2,208,220613,756.0,8005.0,20150808,3:28,1.78
hC3xW8xeCDs,Motivation For Youtubers #5,148,214483,574.0,9180.0,20160515,2:28,1.78
Qhdj_Umh1IE,Motivation For Youtubers #6 LAST ONE,179,170392,523.0,6584.0,20160524,2:59,1.78
dg6iqLCPizs,Motivation,173,105339,288.0,3437.0,20140417,2:53,1.78
m3Ol8zn7brk,Movie Trailers Be Like,101,123119,277.0,4654.0,20160215,1:41,1.78
XHb7g6yuGgE,Moving 10 Pounds Using ONLY Sound,825,45951631,49000.0,1209219.0,20180802,13:45,1.78
26QQE7EsnLA,MrBeast Lab Disaster!,67,38234946,16000.0,1413910.0,20251103,1:07,0.56
VvphlSvCyj8,MrBeast Rest In Pepperoni 6000,184,230478,455.0,5932.0,20151227,3:04,1.78
TRiF8PdrIP8,MrBeast6000's Channel Trailer,114,1690186,12000.0,126847.0,20151008,1:54,1.78
8TFq_vvO_Wg,MrBeast6000's First Video (So Bad lol),187,14240140,34000.0,532331.0,20151119,3:07,1.78
GxTVDClFXuc,MrBeast6000Subs,320,959419,5200.0,58843.0,20150823,5:20,1.78
ttLYXcza4j4,MrBeast’s Outro Song,130,8787500,18000.0,388880.0,20150905,2:10,1.78
Wyyqz3OxB5c,MY $1000 KEYBOARD CHANGED MY LIFE,212,13458270,7700.0,352714.0,20161103,3:32,1.78
pqrdPu2ESFo,My Baby Got a Virus :(,174,87243,234.0,1752.0,20150425,2:54,1.78
IEuDUhGIJ5c,My Chocolate Factory Blew Up,69,18736771,19000.0,923399.0,20260310,1:09,0.56
X9eXa-Uzuj0,My Favorite FaZe Clan Members?????,234,66384,225.0,1858.0,20150826,3:54,1.78
JdCgkcb1iwQ,My First Kem Strike!,269,101218,742.0,3457.0,20131116,4:29,1.78
AIytwdufwW8,MY MESSAGE TO COD YOUTUBERS (Watch till end plz),292,64929,251.0,1498.0,20150529,4:52,1.78
mM2KwBYa-u4,My Mom Found My Channel!! :0,268,812564,2500.0,26481.0,20150820,4:28,1.78
52awie9G00A,My New Channel Trailer ;),77,70931,217.0,1794.0,20150507,1:17,1.78
umRLkCrmwcs,My Problems,246,82143,246.0,2103.0,20150501,4:06,1.78
UEK0fYAqMss,My Solution For The Theft At The FaZe House - @FaZe_Rain @FaZeAdapt,187,64545,261.0,1379.0,20150708,3:07,1.78
-mlok5iT3GE,My Top 5 Favorite Things At E3 2015,150,64551,485.0,1906.0,20150618,2:30,1.78
skEf9R0TXkM,My Upload For ThunderstruckGaming,220,64598,298.0,1578.0,20150725,3:40,1.78
LHtkve6-O0g,NBA Interviews Gone Wrong (No Gun Pulled),154,74914,158.0,2070.0,20160220,2:34,1.78
6bxZpS0cm5o,New Channel?,291,183462,440.0,4424.0,20150523,4:51,1.78
nmHCmLVLxcU,New COD Zombies In 2014?????,151,92280,374.0,2333.0,20140223,2:31,1.78
ZQZzR0DUujc,"New Optic Gaming Gear Coming To Advanced Warfare, My Thoughts",150,64551,457.0,1952.0,20150801,2:30,1.78
DuQbOQwVaNE,"Offering People $100,000 To Quit Their Job",626,170278004,111000.0,3547255.0,20210313,10:26,1.78
dDYP56hEYF0,OMG! INSANE CUP FORT,250,4168165,9200.0,96167.0,20170314,4:10,1.78
yFfcsmK2TOA,Online pokemon battle #3 [uu] Ice punch,205,228955,1400.0,,20130327,3:25,1.76
7Yi-ctyTNU4,Online pokemon battle #7 [uu] 5-0,261,266593,1000.0,10698.0,20130404,4:21,1.78
D51HaR-XvgM,Opening Old Basketball Cards! Ep. #1 (Michael Jordan Found),267,219825,347.0,4370.0,20141021,4:27,1.78
pP1KMQb51GA,OpTiC NaDeShOt Got Hack!!,164,91782,516.0,2476.0,20131127,2:44,1.78
uE6gud1voDs,"Ordering Water Then Tipping $30,000",704,46490990,46000.0,1206569.0,20181023,11:44,1.78
WwE0tR08OTU,Originality - A Youtube Poem By MrBeast6000,108,65027,320.0,2289.0,20150926,1:48,1.78
-o_8CDbFMJ0,Paid Promotion On Youtube Good?,438,67897,184.0,1294.0,20150703,7:18,1.78
A-vX1AGBGsc,"Pass All 12 Grades, Win $10,000",1051,239106066,142000.0,3570006.0,20190131,17:31,1.78
XhuisK0bTSA,Pass The Phone To…,59,290192313,52000.0,11495414.0,20240711,59,0.56
ywIcdSNJolo,Pass the Phone,23,92734166,13000.0,1944036.0,20260109,23,0.56
fWcSBWadolA,"Paying People $10,000 To Eat Ghost Pepper",886,40994497,34000.0,1115098.0,20190601,14:46,1.78
Ng_qwlvhrJo,PC Master Race Vs Console Peasants,119,65308,269.0,2439.0,20150921,1:59,1.78
Feh8o-HmthM,People Who Got Rich From Movie Trailers On Youtube,206,110985,227.0,1727.0,20150729,3:26,1.78
W2skFWRk6qo,PewDiePie Uploads A Fake Video! LOL,155,95560,216.0,1677.0,20150101,2:35,1.78
X_qd-1xSTFA,Pewdiepie Was On T.V.,148,173566,408.0,3591.0,20141207,2:28,1.78
vuOTP206zWM,"Pewdiepie's Shoutout, What Would You Do If You Won?",278,64561,366.0,2216.0,20150905,4:38,1.78
XNtTO_339kU,"Pick The Wrong Tube, Get Slimed",35,160671425,10000.0,3364704.0,20250827,35,0.56
HPJKxAhLw5I,"Planting 20,000,000 Trees, My Biggest Project Ever!",443,119782983,160000.0,4544891.0,20191025,7:23,1.78
xpNeg0hPZIs,Playing Battleship With Real Ships,931,38537624,34000.0,1009704.0,20190406,15:31,1.78
e-If_d_bzfI,POKEMON GO STEREOTYPES,207,2331412,2700.0,64648.0,20160714,3:27,1.78
Jl0-6tbNGBo,Pokemon online battle #2 [uu] Herracross w/ Dat MOXIE BOOST,169,337084,1300.0,,20130326,2:49,1.76
QicO1Gd0kvU,Pokemon online battle #4 [uu] Same old team,279,277601,1100.0,,20130328,4:39,1.79
KYv1nqutbK0,Pokemon online battle #8 Stone edge,326,209544,1700.0,9240.0,20130405,5:26,1.78
Ros1PpcO5Js,Pokemon online battle #9 [rb] Hidden power ice ftw!,318,215626,848.0,8156.0,20130407,5:18,1.78
-2IFrMOM36w,Pokemon online battles #5 [uu] Heracross never seems to dissapoint me...,268,217083,1200.0,9286.0,20130331,4:28,1.78
IqL-ZunFfpk,"Pop The Balloons, Win $10,000",22,89398366,12000.0,1744804.0,20260317,22,0.56
8ZTy3K2QgOY,Pranks That Went Horribly Wrong,274,2187937,2900.0,90225.0,20160319,4:34,1.78
GLoeAJUcz38,"Press This Button To Win $100,000!",911,365366903,93000.0,4865337.0,20201114,15:11,1.78
H_DYlka7QAQ,Project Zomboid Let's Play ep [04] lots of stuff,944,164123,952.0,6169.0,20130618,15:44,1.78
MC-7ziNt_U4,Project Zomboid let's play ep. [02] Just some chores.,860,157407,1000.0,6220.0,20130615,14:20,1.78
ov0KQthQ50U,Project Zomboid Let's Play ep. [03] Looting and storing.,1474,157002,1100.0,5947.0,20130617,24:34,1.78
PNsF1Uh5yP8,Project Zomboid Lets Play ep [01] Roughing it out!,1193,276720,945.0,9553.0,20130615,19:53,1.78
7ESeQBeikKs,"Protect $500,000 Keep It!",934,196169472,70000.0,4826165.0,20240113,15:34,1.78
F6PqxbvOCUI,"Protect The Yacht, Keep It!",907,177541809,80000.0,4276738.0,20240511,15:07,1.78
g0IrVKXIbmE,PSYCHO FRIEND SMASHES MY LAPTOP! (Mc Juggernuggets Parody),91,339207,912.0,12052.0,20151106,1:31,1.78
ehEuczQUh8E,Pulling Cars Over Using A Toy Police Car,796,24805903,18000.0,541576.0,20180513,13:16,1.78
Ds9H2UnUHL0,Quitting?,225,147672,684.0,5020.0,20150206,3:45,1.78
3rJgCGMPEqA,Random Stuff You Don't Care About,141,64544,490.0,2284.0,20150627,2:21,1.78
OOesLeO6-pc,Randomness,318,113400,907.0,4528.0,20130802,5:18,1.78
nAiKLoCP-kU,"Reach the Money, Win $10,000",25,566965351,11000.0,8293518.0,20250214,25,0.56
xjJJ_wDlc1E,"Reacting To Family Accounts (MamaBeast, MrBeast'sLaptop, Etc)",564,952938,1900.0,20549.0,20151222,9:24,1.78
CHdy9wND1jo,REACTING TO MY OLD MINECRAFT VIDEOS (HORRIBLE),523,1355964,2700.0,35584.0,20160619,8:43,1.78
rqUvnLPvbrM,Reacting To The Reaction Of The Reaction To The Reaction Of The Reaction Of The Reaction To The Reac,2009,7740571,24000.0,321738.0,20170222,33:29,1.78
yzxYCRDcGDs,Reaction Channels Are Stupid??????? #JCTG,193,82198,436.0,2259.0,20160105,3:13,1.78
rB9NynBZ4go,Reaction Time Challenge,29,166535621,11000.0,2360579.0,20250819,29,0.56
dSDBr0WjrwQ,"Reading The Entire Bee Movie Script But Everytime They Say ""Bee"" I Repeat All the Previous Bees",5459,11026540,11000.0,215588.0,20161125,1:30:59,1.78
IZVbzNRUlQI,"Reading The Longest English Word (190,000 Characters)",6888,35793384,57000.0,816582.0,20170602,1:54:48,1.78
iengNekeTNo,Reading The Youtube Terms Of Service,1557,579626,3500.0,19870.0,20170307,25:57,1.78
QtD-CeUdRUQ,"Real Or Cake For $10,000",37,270354922,22000.0,8226232.0,20240829,37,0.56
i5dhcAxO25Q,Reddit Is In Chaos After Firing Victoria,106,70256,180.0,1223.0,20150703,1:46,1.78
6XCUHLhdnEY,Reenacting Youtubers,220,198205,562.0,7251.0,20160416,3:40,1.78
yeHjsYQ076A,Remember When COD Was Fun?,216,64841,403.0,1870.0,20150426,3:36,1.78
vXNtju4VFm4,Restocking MrBeast Labs at Walmart,35,419392303,2700.0,6544682.0,20241118,35,0.56
rH1D_3G56DY,Returning Destroyed Rental Cars Prank,629,37480048,17000.0,621014.0,20180727,10:29,1.78
2jWZtKTN6jU,Reuploading Other Youtubers Videos? Stealing Big Youtubers Videos.,253,64617,266.0,1629.0,20150730,4:13,1.78
bFZdU9dr4OM,Rocket League In Real Life!,774,28841311,16000.0,539420.0,20180901,12:54,1.78
SWc8fI_9iqA,Ronaldo Teaches Me How To SIUU,14,400120085,38000.0,9675543.0,20241201,14,0.56
AydS-vA3qa4,Running With Bigger And Bigger Feastables,17,456449228,32000.0,12399959.0,20240815,17,0.56
nbzQdlWrcnk,Running With Bigger And Bigger Lunchlys,17,380919835,11000.0,8490420.0,20240920,17,0.56
QX0wvWGW2qg,Sacrifices And Youtube,219,64583,549.0,2859.0,20150731,3:39,1.78
ejlkNGm82w4,SAT And Some Random Stuff,206,64559,691.0,1852.0,20150804,3:26,1.78
pJSbLk-Iixc,Savage Level 9000,110,7421276,14000.0,321041.0,20170308,1:50,1.78
_FX6rml2Yjs,"Saying Logan Paul 100,000 Times",61567,23734420,108000.0,930230.0,20170819,17:06:07,1.78
mGIpOtncmSM,"Saying Pewdiepie 100,000 Times",42520,26750713,166000.0,1686396.0,20181125,11:48:40,1.78
wMn8d7IeCYM,"Saying ""Keep Net Neutrality"" For 10 Hours",36001,2454067,9700.0,84887.0,20171217,10:00:01,1.78
M82VAcabSiA,Scary minecraft pig skin!,28,1191052,3400.0,38995.0,20130113,28,1.78
zjC48c3ptt0,Scheduled Uploaded 6 Months Ago (REACTION),322,152265,486.0,5329.0,20160406,5:22,1.78
9smE_EiKJ8Q,School Is A Waste Of Time,174,140737,743.0,5898.0,20160121,2:54,1.78
h5uE4ERMiTk,Screw Warface,217,64569,268.0,1634.0,20150502,3:37,1.78
DoIQMkoYSzw,"SELLING ORGANS FOR $1,000,000",335,3630712,7300.0,120407.0,20160802,5:35,1.78
P2oPACr4uuU,Selling PS4 For $250 + Elgato For $100!,157,64569,335.0,1824.0,20150916,2:37,1.78
sKn8Tbp2a-4,"Shark Tank Most Successful Products, Entrepreneurs, Or Businesses 2015",294,152334,192.0,1398.0,20151108,4:54,1.78
bzIPun3cVsw,Shia Labeouf Motivates Youtubers!,87,462047,689.0,12106.0,20150919,1:27,1.78
LMe7k8I082w,Should College Athletes Be Paid?????,275,99480,309.0,2067.0,20140329,4:35,1.78
3LuchpUc7PU,Should I Buy An Elgato Game Capture??,176,64584,561.0,2224.0,20150807,2:56,1.78
tusuuI7MEJU,Should I join FaZe?????,210,991530,1800.0,19117.0,20140404,3:30,1.78
6zQhLOw1nw8,Should You Do COD Commentaries In 2016????,226,64637,290.0,1487.0,20151202,3:46,1.78
JQscW6DfNZY,Should You Play Video Games?,178,106058,197.0,4384.0,20160122,2:58,1.78
N0pwLtonPdg,Slippery vs Sticky Stairs,36,884893256,31000.0,9432481.0,20250516,36,0.56
pGYyUssWLTA,Social Media As A Job????,188,64557,533.0,2318.0,20150829,3:08,1.78
dRqthQ2Mc_0,"Spam404 Has Terminated 5,000,000 Videos (Including Pewdiepie)",142,119825,289.0,2762.0,20151126,2:22,1.78
bs0SWXbty18,"Spending $1,000,000 In 24 Hours",909,210674878,127000.0,4891537.0,20191221,15:09,1.78
1SwVSTKFCsc,"Spending $40,000 In One Hour Challenge",842,45015583,54000.0,930178.0,20181117,14:02,1.78
H1WBdh56Vq4,Spending 24 Hours In A City With No Laws,868,192441459,67000.0,3038438.0,20190507,14:28,1.78
2eFSU7TFOnk,Spending 24 Hours On Top Of A Mountain,924,234398837,116000.0,4104304.0,20190613,15:24,1.78
6_im_hGxGRk,Spending 24 Hours Straight Under Water Challenge,911,146171286,105000.0,3574251.0,20180824,15:11,1.78
4DYBVA4884Y,SpiderMan Robs Walmart?????,186,64553,273.0,1748.0,20150726,3:06,1.78
vDrSCXFMAKk,"Spot The Difference, Win $10,000",57,283951615,7800.0,8510986.0,20240928,57,0.56
8bTQMDM4qvY,"Spot The Fake Animal For $10,000",39,680364615,30000.0,17530678.0,20240719,39,0.56
Gx6VeIIbWwM,"Spot The Hidden People For $10,000",35,768283802,31000.0,22064916.0,20230928,35,0.56
AKC50SZQFN8,Spreading Rumors About Streamers,36,16091681,7800.0,434502.0,20260402,36,0.56
T8I165Qxeo8,Sprinting with More and More Money,28,324001949,86000.0,11973868.0,20240530,28,0.56
I046_n20d3s,Standing Still For 24 Hours Straight - Statue Challenge,1096,125853645,36000.0,2044937.0,20190222,18:16,1.78
Dc2ZRmuH5OM,"Steal This $100,000 Diamond, You Keep It",842,232325554,92000.0,3695331.0,20201128,14:02,1.78
mKdjycj-7eE,"Stop This Train, Win a Lamborghini",1141,268365447,126000.0,5474941.0,20240316,19:01,1.78
e14MroQ5k_s,Storm,180,295227,943.0,8313.0,20140430,3:00,1.78
ivdQqobHDPc,Story time!,193,675918,1600.0,21406.0,20130418,3:13,1.78
VXmKt_1T0QM,Struggles Of Being A Youtuber,193,159904,1100.0,5757.0,20160419,3:13,1.78
2LIJtcI4dbg,Stupid Things People Search On Google,316,1381877,3900.0,72053.0,20150925,5:16,1.78
2O8wta4FsD4,STUPIDEST PERSN ON EART (Really Dumb),261,2538061,12000.0,183128.0,20161128,4:21,1.78
VEGq2Du_HCw,"Subscribe for $10,000",13,652715875,62000.0,3860242.0,20260501,13,0.56
TRxMLLuWIhw,Subscribe For An iPhone,16,295936375,235000.0,28160326.0,20250117,16,0.56
R1SFXJo-FlE,Subscribe To Explode The TNT,19,370728310,14000.0,5244438.0,20250729,19,0.56
hYahU_Cqwp8,Subscribe To See 500M Play Button,32,174587322,29000.0,2292493.0,20260522,32,0.56
0yPgljFcTR4,"Subscribe to Win $50,000",14,94732191,171000.0,4449772.0,20250507,14,0.56
c9VS_cgInT4,"Subscribe, I’ll Double Your Bank Account",30,293408701,24000.0,2772877.0,20260228,30,0.56
vZrL_FFITgs,Subscriber Goals For 2016,247,65959,582.0,1632.0,20150228,4:07,1.78
fYnPyLfxSJg,Subscriber Goals For 2017,234,89846,1300.0,2968.0,20160309,3:54,1.78
lrw3zkGS9Vc,Subscribers.,179,124062,1100.0,3347.0,20140308,2:59,1.78
UVin8WtE5eU,Summer Is Finally Here!,146,69996,265.0,1289.0,20150528,2:26,1.78
fWhfOAuOqjY,Super Bowl Commercial 2016 Cost - How Much Does A Commercial Cost In 2016 Super Bowl?,176,104734,329.0,2619.0,20160207,2:56,1.78
XR_q9_LEKuc,Supply Drop Challenge For Charity,295,64566,612.0,2451.0,20150722,4:55,1.78
_oZyp4mTzSQ,Supply Drops For Charity! Ep #2,302,64585,1100.0,2360.0,20150724,5:02,1.78
UlUcwJc5nBs,"Surprising My 8,000,000th Subscriber With 8,000,000 ___",1131,37453968,18000.0,584083.0,20180919,18:51,1.78
LP_mGU3CgXk,SURPRISING MY BROTHER WITH A LAPTOP,176,1941062,4500.0,127431.0,20160807,2:56,1.78
XbaZ45LVzzM,Surprising My Fiancée With A Chocolate Heart,37,104292971,17000.0,2363707.0,20260212,37,0.56
iUzi5JmJNWc,Surprising Strangers With 100 Zombies - Experiment,589,61523719,55000.0,1785441.0,20190303,9:49,1.78
GUWGsIVEMSQ,"Surprising Tfue With $10,000 Live - Fortnite",922,75761652,47000.0,1539349.0,20181004,15:22,1.78
gHzuabZUd6c,"Survive 100 Days In Circle, Win $500,000",1030,416527743,101000.0,6353987.0,20220924,17:10,1.78
UPrkC1LdlLY,"Survive 100 Days In Nuclear Bunker, Win $500,000",1940,357655198,88000.0,6270222.0,20240803,32:20,1.78
TDv56whosPQ,"Survive 100 Days In Prison, Win $500,000",2375,159917963,43000.0,3166152.0,20250816,39:35,1.78
pzBi1nwDn8U,"Survive 100 Days Trapped In A Private Jet, Keep It",1983,144727576,46000.0,3489510.0,20250719,33:03,1.78
9RhWXPcKBI8,"Survive 100 Days Trapped, Win $500,000",1628,456695754,98000.0,6935316.0,20231216,27:08,1.78
4l97aNza_Zc,"Survive 30 Days Chained To Your Ex, Win $250,000",2224,235842286,69000.0,4174890.0,20250913,37:04,1.78
AaMdXZMvT3w,"Survive 30 Days On An Island With Your Ex, Win $250,000",2349,79032644,131000.0,1756749.0,20260516,39:09,1.78
AoN1K4c7VKE,"Survive 30 Days Stranded With Your Ex, Win $250,000",1803,126264268,150000.0,2449322.0,20260307,30:03,1.78
ZFoNBxpXen4,"Survive 30 Days Trapped In The Sky, Win $250,000",2245,192165344,112000.0,3003315.0,20251220,37:25,1.78
lBYC4_Lccjw,Surviving 24 Hours On A Deserted Island,832,217011208,80000.0,3688016.0,20190822,13:52,1.78
Ooke4YZv8Ts,Surviving 24 Hours Straight In A Desert,844,190759495,96000.0,3442479.0,20190316,14:04,1.78
d1010B3sKNQ,Surviving 24 Hours Straight In A Rain Forest,789,147770214,73000.0,2737233.0,20190921,13:09,1.78
D9lVNzyhYnc,Surviving 24 Hours Straight In The Bermuda Triangle,701,271201673,100000.0,4504994.0,20191109,11:41,1.78
wSh8fAFWEWs,Survivor vs Beast Games,27,36462506,14000.0,873090.0,20260116,27,0.56
I_3R9YGFlHE,The Anti-Beast,159,1020108,1700.0,31167.0,20151223,2:39,1.78
Y3Rxgf5_R_I,The COD Community? Sleeping With Your Mom?,182,64561,513.0,1988.0,20150719,3:02,1.78
1wtFD9zSQO8,The Dreaded Unanswerable Question,269,221370,382.0,5385.0,20160229,4:29,1.78
oo8ve4Ldpck,The Evolution Of My Youtube Banners,59,81652,403.0,2543.0,20151118,59,1.78
lh61MVUxJt0,The History Of Pewdiepie In 2 Minutes,125,276632,573.0,7460.0,20150714,2:05,1.78
mpZWt5pGKZ8,The Real Way Dinosaurs Went Extinct,350,29728361,43000.0,805983.0,20180628,5:50,1.78
S_CUEOBZ0P4,"The Rock Vs MrBeast For $100,000",54,726567736,81000.0,36344423.0,20221021,54,0.56
UCYefSGBP00,The Truth About Big Community Channels,272,64554,887.0,2220.0,20150622,4:32,1.78
N9jTogPwqVY,The Ultimate Motivation For Small Youtubers,164,330605,2000.0,16892.0,20150629,2:44,1.78
DjMYkWCEan8,The Vortex SMP Episode 1! Just Derping Around and Explaining Things.,1518,151889,420.0,3871.0,20140118,25:18,1.78
CWbV3NItSdY,The World's Fastest Cleaners,34,730457363,44000.0,26571989.0,20240425,34,0.56
yozl6enFC-w,THE WORST SONG ON YOUTUBE *CRINGE*,247,853010,6600.0,42143.0,20160808,4:07,1.78
DbC9CauTXoM,THE WORST THINGS EVER TO EXIST,280,3818388,18000.0,326526.0,20161119,4:40,1.78
ctJORnOjbrQ,These Were The Good Days....,51,204172,476.0,4950.0,20130905,51,1.78
mfvi_jgdVqE,THINGS I HATE #1,219,518401,1700.0,16319.0,20151202,3:39,1.78
NeOrh4GnPZ4,Things I Hate #2 - Youtube Edition,261,183468,1400.0,7777.0,20160209,4:21,1.78
P4qWhSZ7_WA,Things That SHOULDN'T Be Sold On Amazon,846,152984416,55000.0,2297163.0,20180921,14:06,1.78
I9mw5UlDyPI,This Game Is Wild...,19,724839056,9700.0,13616740.0,20241112,19,0.56
DBw0oD38z0Q,This Game Is Wild,21,240210941,11000.0,6261345.0,20240717,21,0.56
t8aM4HuVLrQ,This is a block? Since when lol.,52,947548,4500.0,34793.0,20130121,52,1.78
7dIFHQkrASM,This is a detailed break down of my favorite UU team... ENJOY!,564,232289,1000.0,9105.0,20130329,9:24,2.03
TNtpUQbW4mg,This Is How The Pyramids Were Built,13,408664007,25000.0,8926747.0,20250318,13,0.56
HuLAAXZXIy0,This Kid Should Quit COD....,77,90414,220.0,1785.0,20140602,1:17,1.78
EvqtfK_RaRg,This obstacle course is WILD,32,242252919,5800.0,4117620.0,20250110,32,0.56
hgiPX33AHas,Time,113,99955,171.0,1909.0,20150422,1:53,1.78
GGBy50KtvRk,Tipping A Waitress A Car,38,766515943,72000.0,30500282.0,20230422,38,0.56
uotb9ZHnI2g,"Tipping Pizza Delivery Guys $10,000",627,23184336,39000.0,699715.0,20170823,10:27,1.78
zAAXW7ySu1k,"Tipping Uber Drivers $10,000",673,4674962,7900.0,127765.0,20170830,11:13,1.78
Rmf6T_Ewt38,Tipping Waitresses With Real Gold Bars,726,70989249,83000.0,1821547.0,20190621,12:06,1.78
63gyUQ_JeOE,Toothpaste Life Hacks YOU SHOULD KNOW,262,19793672,15000.0,496496.0,20170613,4:22,1.78
ELIoOUKSOJQ,Top 10 Richest Gaming Youtubers?????,245,295698,555.0,8280.0,20150611,4:05,1.78
KL1X8NsVGd0,Top 10 Worst Guns in Call Of Duty History!,259,225440,692.0,7687.0,20130725,4:19,1.78
Oub4nMrNTqQ,Top 5 NON-COPYRIGHTED Songs!!!!!,204,139000,639.0,3637.0,20140217,3:24,1.78
p5rGgPZtjDw,Top Subscribed To Channels? BO2 w/ commentary!,338,140276,839.0,4907.0,20130728,5:38,1.78
u6t4jrhs56Q,"Top Youtube ""ShoutOuts""",365,64606,385.0,2093.0,20140709,6:05,1.78
4YHnf3YepwU,Totally 100% Real Epic Ping Pong Trickshots,81,110089,309.0,4542.0,20151211,1:21,1.78
fuhE6PYnRMc,Train Vs Giant Pit,636,301282225,129000.0,6644202.0,20230708,10:36,1.78
JFtlf8RoPZY,Trapped On An Island Until I Build A Boat,1813,133649237,117000.0,2830767.0,20260321,30:13,1.78
pzxtGL9kzPs,Try Not To Get Slimed,32,108481864,12000.0,1258541.0,20260424,32,0.56
Fbl3E_XCQfA,Trying To Fly Using Only Leaf Blowers,781,18463967,28000.0,427544.0,20180301,13:01,1.78
yWnmEPgLroQ,TWITCH STREAMERS REACT TO RECEIVING THOUSANDS FROM SAME GUY!,452,227132,268.0,2300.0,20150713,7:32,1.78
BtCGABBPH9s,Two Years of Youtube.,270,523092,1000.0,10524.0,20140331,4:30,1.78
yuGEB4ZZdUQ,Tying My Shoes In Every State (World Record),910,18184550,40000.0,452847.0,20180316,15:10,1.78
sH48lKbayNU,Unboxing My 200M Subscriber Play Button,45,252864134,55000.0,14656463.0,20240229,45,0.56
S9PIukDRcvk,Update,261,78659,371.0,2060.0,20140313,4:21,1.78
h5Z36IuyrKc,Vanoss vs Speedy! Which is better?,186,126295,929.0,2827.0,20140216,3:06,1.78
OffgqPzDi7Q,Vanoss vs Speedy! Who is better? Updated.,224,64590,388.0,1688.0,20140820,3:44,1.78
qENpZBzgaUM,VANOSSGAMING IS IN TROUBLE,172,267051,562.0,4076.0,20150727,2:52,1.78
gsWPpE4Rid0,Videos I Could Not Upload...,812,175709749,65000.0,4137064.0,20200430,13:32,1.78
kNLr-cduzuo,Wait... Was He Famous?,13,166537190,32000.0,3698999.0,20260125,13,0.56
zCR6DJX7Kak,Walking Dead Daryl DIED (Fan Reaction To Death),43,188284,534.0,5176.0,20160328,43,1.78
VwWV4JelEzY,Walking Into Random Stores With 100 Dinosaurs,612,33859629,44000.0,894563.0,20180322,10:12,1.78
2Pvt8awds44,Walking Up To Random People With 100 StormTroopers,603,20275203,38000.0,501697.0,20180411,10:03,1.78
AS5CxLCWq-Q,Watching Dance Till You're Dead For 10 Hours,36001,55091313,,2621751.0,20170321,10:00:01,1.78
ZJwX2jTXWwQ,Watching It's Everyday Bro For 10 Hours Straight,36010,28487973,69000.0,824313.0,20170617,10:00:10,1.78
3-f9DEFsh4w,Watching Video Games Is A Waste Of Time????,243,64565,431.0,2078.0,20150905,4:03,1.78
Lx9fRu5ehFo,We Are Better Than Dude Perfect,157,28259856,37000.0,666371.0,20170624,2:37,1.78
YH1-fDzHHpo,we are number one but every one is a bad intro,221,1994919,8100.0,56239.0,20161225,3:41,1.78
CvMRiR4k49Y,We Delivered 100 Pizzas To Random Houses,603,9226954,10000.0,227738.0,20180202,10:03,1.78
MC5h-ShR-S8,"We Drove 3,000 Miles For The World's Best Burger",829,55306734,93000.0,1222600.0,20180609,13:49,1.78
B_7uD3B62MM,Welcome To My Channel!,28,92126,196.0,2099.0,20140818,28,1.78
QNoqAnJOSqU,What Happens If You Get A Copy Right Strike??,232,189883,545.0,4606.0,20150403,3:52,1.78
NV7qmqbS8tM,"What Is Considered A ""Bad Video"" On Youtube????? #karnageRC",251,86285,187.0,1632.0,20150607,4:11,1.78
pzlPJmNyepA,What is Crohn's Disease?????,423,562160,1200.0,18538.0,20150404,7:03,1.78
p6bzNpgbX8Y,What Is Crohns Disease?????,260,323227,628.0,7646.0,20150810,4:20,1.78
zpCwHwWgbsI,What Is Spam404?????,311,64568,371.0,1519.0,20150715,5:11,1.78
b_o8cz0ZNdk,What Is Swatting? Why I hate It!,258,106458,248.0,2495.0,20150705,4:18,1.78
qBiZA4QDsj0,What Is Youtube Red? Should I Buy Youtube Red?,279,116208,344.0,3924.0,20160210,4:39,1.78
IDrS_TrjuK4,What Is Youtube Terms Of Service?????,249,65503,265.0,1473.0,20150707,4:09,1.78
JUiijjJOInw,What It Takes To Be A Full Time Youtuber...,281,67748,486.0,2029.0,20140327,4:41,1.78
rF00lQ_upzg,"Whatever You Hold Onto, You Keep",26,74824224,12000.0,980108.0,20251202,26,0.56
jRURlbRAUhI,Whats That Song Name?,112,201072,1400.0,7586.0,20151224,1:52,1.78
BKJy7BFP3Is,WHERE IS MY COOKIE?????,161,131179,1200.0,12498.0,20160424,2:41,1.78
9Xeepzg1B8I,Which Celebrity Punches The Hardest?,47,189156830,10000.0,3602864.0,20250919,47,0.56
MLN6TRB9Jxw,Who Are The Worst Youtubers?????,216,301181,433.0,4430.0,20150301,3:36,1.78
k9zko79_3_I,Who Founded Faze? Who Created Faze Clan?,325,2067486,3700.0,72902.0,20160318,5:25,1.78
AWBsoArakNY,Who Has The Fastest Reaction Time?,31,90338413,8600.0,1850744.0,20251125,31,0.56
_JUlWtSCNbs,Who's The Strongest Streamer?,26,534498274,18000.0,7037553.0,20260403,26,0.56
wNuxirsrwBk,Why Are Things Unbalanced In Video Games?????,209,106928,187.0,1470.0,20150528,3:29,1.78
PJyWmlWNor8,WHY DO THEY SELL THIS ON AMAZON?,511,8867410,12000.0,713939.0,20161218,8:31,1.78
w40Z8aT5fpQ,Why Do We Do Things That Are Bad For Us?????,203,64570,295.0,1932.0,20150514,3:23,1.78
4cX-w-ia0RU,Why Do Youtubers Ask For Likes?,201,183215,670.0,12084.0,20160327,3:21,1.78
3IQdDBwc42o,Why Does This Video Have No Thumbnail?,181,110833,450.0,4267.0,20151215,3:01,1.78
p-KVD5rA_Cw,Why Google Does Not Care What We Think....,179,504611,812.0,7898.0,20131117,2:59,1.78
bB99NdUoxEQ,Why I Changed My Channel Name,196,158102,354.0,3791.0,20150503,3:16,1.78
XBe57FyB2xU,Why I deleted Today's First Upload,115,69098,204.0,1611.0,20150716,1:55,1.78
IAbX0FwX-GY,Why I Haven't Been Uploading,362,905406,1800.0,,20130325,6:02,1.76
TDiXxsQ0w2Q,Why I Haven’t Been Uploading,354,59406689,94000.0,2779594.0,20200917,5:54,1.78
Lwt_VThQIdM,"Why I Sold My PS4, Not A Gaming Channel???",245,64561,336.0,2375.0,20150918,4:05,1.78
syMozMiJneM,Why I Stopped Playing Video Games - Video Game Commentary,284,71163,222.0,1776.0,20151025,4:44,1.78
MUQCwdkEbq0,Why I Was Not Uploading,95,66929,222.0,1386.0,20150321,1:35,1.78
dDVFnfCwjHA,Will A Basketball Boat Hold My Weight?,30,413952288,7900.0,10378995.0,20241011,30,0.56
Jo7sfpeWqwE,Will A Guitar Boat Hold My Weight?,20,772030848,15000.0,18121407.0,20240905,20,0.56
897gvApD6V4,Will a Zebra Subscribe to me?,8,682449844,21000.0,3231899.0,20260401,8,0.56
yy-Nt0dRhNI,Winner Picks Our Honeymoon,51,114336984,16000.0,1951764.0,20260421,51,0.56
NZR4WEjpOQg,Winning A Game Of Fortnite In The Middle Of The Ocean,583,31556879,46000.0,779576.0,20180425,9:43,1.78
x9TQ6culXIA,"World's Biggest YouTubers Fight for $1,000,000",724,106940739,83000.0,3130907.0,20211216,12:04,1.78
FWAdfuPpLOc,World's Fastest Car Vs Cheetah!,1236,234666739,47000.0,3529530.0,20250705,20:36,1.78
hCuqh2NU2Yg,World's Fastest Date,32,210359078,17000.0,3388743.0,20260512,32,0.56
dvdGkRK5a_0,WORLD'S FIRST BLACK OPS 3 GUN SYNC!!,81,77974,170.0,1748.0,20150622,1:21,1.78
qrIh-ZHN4-E,World's Hottest Substance Vs Coldest Substance,712,97763087,53000.0,1788537.0,20180630,11:52,1.78
UtnsWzaoRtg,World's Largest Game Of Dodgeball,676,93861940,56000.0,1709488.0,20190712,11:16,1.78
3OFj6l2tQ9s,World's Most Dangerous Trap!,1173,349365643,149000.0,6743241.0,20231007,19:33,1.78
Ah_uuTwGOYU,World's Strongest Man Vs Robot,1103,128385070,67000.0,2109656.0,20251122,18:23,1.78
QqIG0R-KpGk,World's Worst Thieves,209,106890,194.0,2267.0,20150728,3:29,1.78
Cs-kyTJso-A,Worlds Biggest Ball Of TNT Minecraft!  Challenge Video!,104,673778,1700.0,19743.0,20130809,1:44,1.78
PWirijQkH4M,World’s Deadliest Obstacle Course!,1705,431414894,139000.0,6858234.0,20240615,28:25,1.78
686PL7rt654,World’s Fastest Dinner Date,34,330737694,14000.0,4151844.0,20251003,34,0.56
3dxksf0CzS8,World’s Fastest Robbers,32,349666474,15000.0,6311739.0,20250502,32,0.56
vBpQ1SlfVtU,World’s Largest Dominoes Vs Store,898,278001388,144000.0,5828667.0,20230902,14:58,1.78
3jS_yEK8qVI,World’s Most Dangerous Escape Room!,481,291109313,129000.0,5567163.0,20220129,8:01,1.78
n7x4Jj9pdH8,World’s Most Expensive Bed,47,558017907,39000.0,21924259.0,20231031,47,0.56
jGAJCAuV3pQ,World’s Most Expensive Coffee,33,285131080,28000.0,11408240.0,20231019,33,0.56
YyNz4--6fro,World’s Smartest Dog,11,292990229,35000.0,10808941.0,20240516,11,0.56
hRj5qNfkdO0,WORST BANNERS ON YOUTUBE #1,216,688102,3600.0,19096.0,20160613,3:36,1.78
FmjsePPBbdU,WORST MEMES AND TRENDS ON YOUTUBE!,230,652024,1300.0,13054.0,20160501,3:50,1.78
2XVcLrB7B3Y,Worst Minecraft Saw Trap Ever???,156,34677293,159000.0,1418227.0,20120220,2:36,1.96
zExxMxcoJ6A,Worst MrBeast6000 Intros?? (Fan Made!),132,501901,1600.0,13428.0,20151130,2:12,1.78
uAFGIQPWL54,Worst Reviews On Amazon #1 (Minecraft Edition),127,722873,1300.0,17283.0,20160626,2:07,1.78
qjGNBluF6_I,WORST REVIEWS ON AMAZON #2 HOW IS THIS LEGAL?,286,1207367,5000.0,45888.0,20160702,4:46,1.78
TIIU1ivhLKs,WORST REVIEWS ON AMAZON #4 *FUNNY*,203,1661219,3500.0,124076.0,20160821,3:23,1.78
5bCyFf8lSfk,Worst Thumbnails On Youtube #2 - Cringe,133,296697,550.0,10282.0,20160410,2:13,1.78
SaDDjW9Rw-M,WORST THUMBNAILS ON YOUTUBE #3,183,945371,1700.0,35324.0,20160621,3:03,1.78
VqhjiwmGNKA,WORST THUMBNAILS ON YOUTUBE,156,638583,1100.0,24832.0,20160228,2:36,1.78
fO5FwBcCJBY,"Would You Date Him for $10,000?",32,161880819,24000.0,3855589.0,20251212,32,0.56
se50viFJ0AQ,Would You Fly To Paris For A Baguette?,47,1749574192,128000.0,58160553.0,20221208,47,0.56
Y4-gFIfGXiQ,Would you go on a Blind Date in Italy?,50,590956882,29000.0,24309074.0,20230415,50,0.56
x7yv72s8h0o,Would You Go On Vacation With A Stranger?,63,422299602,30000.0,9975511.0,20250429,1:03,0.56
8kggT2ej-lo,Would You Pet a Cheetah in Africa?,38,978221477,38000.0,29275504.0,20230501,38,0.56
urtFrxDUV6c,"Would You Quit School For $100,000?",612,190680070,82000.0,3709040.0,20210710,10:12,1.78
_qAJMXfL6o0,"Would You Rather Have $100,000 OR This Mystery Key?",1075,289030970,121000.0,4271778.0,20200613,17:55,1.78
Vl3swga-Xrk,"Would You Rather Have A Giant Diamond or $100,000?",744,208677079,71000.0,3087025.0,20200926,12:24,1.78
s1ax8Tx_Jz0,Would YOU Rather Have A Lamborghini or This House?,1105,234743888,150000.0,4180571.0,20200822,18:25,1.78
uyiG6uw-6pA,"Would You Risk Drowning for $500,000?",1546,211890433,43000.0,3269679.0,20250426,25:46,1.78
fMfipiV_17o,"Would You Sit In Snakes For $10,000?",846,403700450,139000.0,5785875.0,20210410,14:06,1.78
8_gdcaX9Xqk,"Would You Split Or Steal $250,000?",59,233253480,30000.0,11878499.0,20240503,59,0.56
IcuJ3vO_t3k,Would You Steal Money From A Stranger?,27,81088941,10000.0,2094574.0,20260306,27,0.56
LnlKwzc_TNA,"Would You Swim With Sharks For $100,000?",540,207066398,86000.0,4174035.0,20220319,9:00,1.78
EdT5Z16Y5WE,"Would Your Dog Pick $10,000 or Steak?",32,54927056,11000.0,1218857.0,20260429,32,0.56
NfhuGUyWYfQ,Would Your Grandma Go Skydiving?,42,96649747,9300.0,2579627.0,20250926,42,0.56
m8qGlpcfAIw,Xbox One Destroyer? COD Advertisement Is Free,247,64700,306.0,1802.0,20150818,4:07,1.78
Uxc84UUrVHk,You Can Stop Child Labor,57,115050782,27000.0,4293248.0,20250411,57,0.56
NjlP2_l1Wr0,"You Lose, You Get Shot",36,112960995,6800.0,1849089.0,20250630,36,0.56
W4gBpws7Ug8,YOU ONLY DO YOUTUBE FOR VIEWS,333,91602,290.0,3637.0,20151029,5:33,1.78
xBP9EUQIkNs,"You Pick The Right Cup, You Win $100,000!",1055,36326175,35000.0,972371.0,20181028,17:35,1.78
67Wj-0OyKOM,Youtube ad.,38,596808,444.0,10735.0,20140420,38,1.78
-V3-fhJQZkk,Youtube Collabs? Collabbing with Mr.Beast?,213,125314,225.0,2352.0,20150801,3:33,1.78
460GXJiGCEs,Youtube Dream,270,86064,624.0,2430.0,20140708,4:30,1.78
LYK6SPMtJ_Y,Youtube Grind,200,134258,231.0,3142.0,20140628,3:20,1.78
0tZCQ25fsoI,Youtube In 10 Years?????,186,1694201,12000.0,115920.0,20150630,3:06,1.78
kGaq-Qi9hoE,"Youtube Networking - Aka Fake Likes, Subs, And Comments",267,79345,816.0,3260.0,20150821,4:27,1.78
XDe5f8BEvwY,"Youtube Networks Requirerments. (Machinima, TGN, 8byte....)",285,100522,197.0,1458.0,20140401,4:45,1.78
Wt6cMjn3YLg,YOUTUBE RED STEALS CONTENT CREATORS MONEY? What Is Youtube Red?,326,65303,210.0,2440.0,20151021,5:26,1.78
PKtnafFtfEo,YOUTUBE REWIND: 2020,391,73488326,272000.0,5015571.0,20210101,6:31,1.78
UXw9jqgJNNc,"Youtube Stat News - Vevo Gets 10 Bil. Views A Month, Channel Milestones, and more!",328,64562,824.0,2511.0,20150521,5:28,1.78
ajJbMGq9AS4,"Youtube ""Freinds""",279,112227,216.0,1678.0,20150523,4:39,1.78
5UPa_hu5opg,Youtube,277,111879,238.0,2458.0,20150414,4:37,1.78
JlUzoQN9FWw,Youtubers Analytic's Explained,217,69668,172.0,1573.0,20150306,3:37,1.78
-rdYtmUejSE,Yup I is the best at the game.,416,312548,580.0,5610.0,20140405,6:56,1.78
h77pHTSPSiw,"""Beast"" Channel Trailer",120,76877,239.0,1944.0,20140328,2:00,1.78
